"id","group","names","values","feature_set"
"1_Beef",1,"DN_HistogramMode_5",-0.200157559265286,"catch22"
"1_Beef",1,"DN_HistogramMode_10",0.0798914309460279,"catch22"
"1_Beef",1,"CO_f1ecac",20.0575914854987,"catch22"
"1_Beef",1,"CO_FirstMin_ac",75,"catch22"
"1_Beef",1,"CO_HistogramAMI_even_2_5",0.872187973430473,"catch22"
"1_Beef",1,"CO_trev_1_num",-0.00132033466376152,"catch22"
"1_Beef",1,"MD_hrv_classic_pnn40",0.38592750533049,"catch22"
"1_Beef",1,"SB_BinaryStats_mean_longstretch1",123,"catch22"
"1_Beef",1,"SB_TransitionMatrix_3ac_sumdiagcov",0.0136054421768707,"catch22"
"1_Beef",1,"PD_PeriodicityWang_th0_01",54,"catch22"
"1_Beef",1,"CO_Embed2_Dist_tau_d_expfit_meandiff",1.24334446620456,"catch22"
"1_Beef",1,"IN_AutoMutualInfoStats_40_gaussian_fmmi",40,"catch22"
"1_Beef",1,"FC_LocalSimple_mean1_tauresrat",0.116666666666667,"catch22"
"1_Beef",1,"DN_OutlierInclude_p_001_mdrmd",0.429787234042553,"catch22"
"1_Beef",1,"DN_OutlierInclude_n_001_mdrmd",0.85531914893617,"catch22"
"1_Beef",1,"SP_Summaries_welch_rect_area_5_1",0.992404589996859,"catch22"
"1_Beef",1,"SB_BinaryStats_diff_longstretch0",37,"catch22"
"1_Beef",1,"SB_MotifThree_quantile_hh",1.31508061093261,"catch22"
"1_Beef",1,"SC_FluctAnal_2_rsrangefit_50_1_logi_prop_r1",0.369565217391304,"catch22"
"1_Beef",1,"SC_FluctAnal_2_dfa_50_1_2_logi_prop_r1",0.260869565217391,"catch22"
"1_Beef",1,"SP_Summaries_welch_rect_centroid",0.0368155389092578,"catch22"
"1_Beef",1,"FC_LocalSimple_mean3_stderr",0.212156174834713,"catch22"
"1_Beef",1,"DN_Mean",-8.85744717760387e-10,"catch22"
"1_Beef",1,"DN_Spread_Std",0.99999999924544,"catch22"
"2_Beef",1,"DN_HistogramMode_5",0.805498170614291,"catch22"
"2_Beef",1,"DN_HistogramMode_10",0.579670805250597,"catch22"
"2_Beef",1,"CO_f1ecac",34.2241655524358,"catch22"
"2_Beef",1,"CO_FirstMin_ac",71,"catch22"
"2_Beef",1,"CO_HistogramAMI_even_2_5",0.896198520585006,"catch22"
"2_Beef",1,"CO_trev_1_num",-5.04916006882703e-05,"catch22"
"2_Beef",1,"MD_hrv_classic_pnn40",0.253731343283582,"catch22"
"2_Beef",1,"SB_BinaryStats_mean_longstretch1",295,"catch22"
"2_Beef",1,"SB_TransitionMatrix_3ac_sumdiagcov",0.037037037037037,"catch22"
"2_Beef",1,"PD_PeriodicityWang_th0_01",126,"catch22"
"2_Beef",1,"CO_Embed2_Dist_tau_d_expfit_meandiff",3.96794623950146,"catch22"
"2_Beef",1,"IN_AutoMutualInfoStats_40_gaussian_fmmi",40,"catch22"
"2_Beef",1,"FC_LocalSimple_mean1_tauresrat",0.627450980392157,"catch22"
"2_Beef",1,"DN_OutlierInclude_p_001_mdrmd",0.0127659574468085,"catch22"
"2_Beef",1,"DN_OutlierInclude_n_001_mdrmd",0.459574468085106,"catch22"
"2_Beef",1,"SP_Summaries_welch_rect_area_5_1",0.997629711100781,"catch22"
"2_Beef",1,"SB_BinaryStats_diff_longstretch0",51,"catch22"
"2_Beef",1,"SB_MotifThree_quantile_hh",1.32704310775691,"catch22"
"2_Beef",1,"SC_FluctAnal_2_rsrangefit_50_1_logi_prop_r1",0.41304347826087,"catch22"
"2_Beef",1,"SC_FluctAnal_2_dfa_50_1_2_logi_prop_r1",0.826086956521739,"catch22"
"2_Beef",1,"SP_Summaries_welch_rect_centroid",0.0368155389092578,"catch22"
"2_Beef",1,"FC_LocalSimple_mean3_stderr",0.0982014957591784,"catch22"
"2_Beef",1,"DN_Mean",6.82957157390657e-10,"catch22"
"2_Beef",1,"DN_Spread_Std",0.999999998389509,"catch22"
"3_Beef",1,"DN_HistogramMode_5",0.644511200014349,"catch22"
"3_Beef",1,"DN_HistogramMode_10",0.372710569923685,"catch22"
"3_Beef",1,"CO_f1ecac",27.3798439529237,"catch22"
"3_Beef",1,"CO_FirstMin_ac",69,"catch22"
"3_Beef",1,"CO_HistogramAMI_even_2_5",0.894573824968075,"catch22"
"3_Beef",1,"CO_trev_1_num",-0.000532865265348158,"catch22"
"3_Beef",1,"MD_hrv_classic_pnn40",0.353944562899787,"catch22"
"3_Beef",1,"SB_BinaryStats_mean_longstretch1",161,"catch22"
"3_Beef",1,"SB_TransitionMatrix_3ac_sumdiagcov",0.166666666666667,"catch22"
"3_Beef",1,"PD_PeriodicityWang_th0_01",106,"catch22"
"3_Beef",1,"CO_Embed2_Dist_tau_d_expfit_meandiff",1.36733560726892,"catch22"
"3_Beef",1,"IN_AutoMutualInfoStats_40_gaussian_fmmi",40,"catch22"
"3_Beef",1,"FC_LocalSimple_mean1_tauresrat",0.0487804878048781,"catch22"
"3_Beef",1,"DN_OutlierInclude_p_001_mdrmd",-0.578723404255319,"catch22"
"3_Beef",1,"DN_OutlierInclude_n_001_mdrmd",0.474468085106383,"catch22"
"3_Beef",1,"SP_Summaries_welch_rect_area_5_1",0.996043070758754,"catch22"
"3_Beef",1,"SB_BinaryStats_diff_longstretch0",26,"catch22"
"3_Beef",1,"SB_MotifThree_quantile_hh",1.23224842207805,"catch22"
"3_Beef",1,"SC_FluctAnal_2_rsrangefit_50_1_logi_prop_r1",0.434782608695652,"catch22"
"3_Beef",1,"SC_FluctAnal_2_dfa_50_1_2_logi_prop_r1",0.260869565217391,"catch22"
"3_Beef",1,"SP_Summaries_welch_rect_centroid",0.0368155389092578,"catch22"
"3_Beef",1,"FC_LocalSimple_mean3_stderr",0.190678293960433,"catch22"
"3_Beef",1,"DN_Mean",2.00638449117297e-10,"catch22"
"3_Beef",1,"DN_Spread_Std",0.999999999666433,"catch22"
"4_Beef",1,"DN_HistogramMode_5",0.889492620543757,"catch22"
"4_Beef",1,"DN_HistogramMode_10",-0.00610722102370986,"catch22"
"4_Beef",1,"CO_f1ecac",31.3870019345017,"catch22"
"4_Beef",1,"CO_FirstMin_ac",70,"catch22"
"4_Beef",1,"CO_HistogramAMI_even_2_5",0.883843286962289,"catch22"
"4_Beef",1,"CO_trev_1_num",-3.50168127829398e-05,"catch22"
"4_Beef",1,"MD_hrv_classic_pnn40",0.251599147121535,"catch22"
"4_Beef",1,"SB_BinaryStats_mean_longstretch1",244,"catch22"
"4_Beef",1,"SB_TransitionMatrix_3ac_sumdiagcov",0.0329218106995885,"catch22"
"4_Beef",1,"PD_PeriodicityWang_th0_01",146,"catch22"
"4_Beef",1,"CO_Embed2_Dist_tau_d_expfit_meandiff",2.3986011718214,"catch22"
"4_Beef",1,"IN_AutoMutualInfoStats_40_gaussian_fmmi",40,"catch22"
"4_Beef",1,"FC_LocalSimple_mean1_tauresrat",0.604166666666667,"catch22"
"4_Beef",1,"DN_OutlierInclude_p_001_mdrmd",-0.134042553191489,"catch22"
"4_Beef",1,"DN_OutlierInclude_n_001_mdrmd",0.438297872340426,"catch22"
"4_Beef",1,"SP_Summaries_welch_rect_area_5_1",0.997482492176448,"catch22"
"4_Beef",1,"SB_BinaryStats_diff_longstretch0",38,"catch22"
"4_Beef",1,"SB_MotifThree_quantile_hh",1.26400186261904,"catch22"
"4_Beef",1,"SC_FluctAnal_2_rsrangefit_50_1_logi_prop_r1",0.456521739130435,"catch22"
"4_Beef",1,"SC_FluctAnal_2_dfa_50_1_2_logi_prop_r1",0.826086956521739,"catch22"
"4_Beef",1,"SP_Summaries_welch_rect_centroid",0.0368155389092578,"catch22"
"4_Beef",1,"FC_LocalSimple_mean3_stderr",0.128456512161284,"catch22"
"4_Beef",1,"DN_Mean",1.01302140127916e-09,"catch22"
"4_Beef",1,"DN_Spread_Std",0.999999998249813,"catch22"
"5_Beef",1,"DN_HistogramMode_5",0.796964841179507,"catch22"
"5_Beef",1,"DN_HistogramMode_10",0.572900580984997,"catch22"
"5_Beef",1,"CO_f1ecac",39.0784689620009,"catch22"
"5_Beef",1,"CO_FirstMin_ac",73,"catch22"
"5_Beef",1,"CO_HistogramAMI_even_2_5",1.15617930424744,"catch22"
"5_Beef",1,"CO_trev_1_num",-0.000183483573098502,"catch22"
"5_Beef",1,"MD_hrv_classic_pnn40",0.341151385927505,"catch22"
"5_Beef",1,"SB_BinaryStats_mean_longstretch1",301,"catch22"
"5_Beef",1,"SB_TransitionMatrix_3ac_sumdiagcov",0.0416666666666667,"catch22"
"5_Beef",1,"PD_PeriodicityWang_th0_01",112,"catch22"
"5_Beef",1,"CO_Embed2_Dist_tau_d_expfit_meandiff",2.53146601497398,"catch22"
"5_Beef",1,"IN_AutoMutualInfoStats_40_gaussian_fmmi",40,"catch22"
"5_Beef",1,"FC_LocalSimple_mean1_tauresrat",0.150442477876106,"catch22"
"5_Beef",1,"DN_OutlierInclude_p_001_mdrmd",0.198936170212766,"catch22"
"5_Beef",1,"DN_OutlierInclude_n_001_mdrmd",0.508510638297872,"catch22"
"5_Beef",1,"SP_Summaries_welch_rect_area_5_1",0.996184336329102,"catch22"
"5_Beef",1,"SB_BinaryStats_diff_longstretch0",27,"catch22"
"5_Beef",1,"SB_MotifThree_quantile_hh",1.25260474072599,"catch22"
"5_Beef",1,"SC_FluctAnal_2_rsrangefit_50_1_logi_prop_r1",0.391304347826087,"catch22"
"5_Beef",1,"SC_FluctAnal_2_dfa_50_1_2_logi_prop_r1",0.826086956521739,"catch22"
"5_Beef",1,"SP_Summaries_welch_rect_centroid",0.0245436926061719,"catch22"
"5_Beef",1,"FC_LocalSimple_mean3_stderr",0.109605443988585,"catch22"
"5_Beef",1,"DN_Mean",-4.87659563321768e-10,"catch22"
"5_Beef",1,"DN_Spread_Std",0.999999999131897,"catch22"
"6_Beef",1,"DN_HistogramMode_5",-0.466356832512238,"catch22"
"6_Beef",1,"DN_HistogramMode_10",-0.239351337018585,"catch22"
"6_Beef",1,"CO_f1ecac",30.7971339515377,"catch22"
"6_Beef",1,"CO_FirstMin_ac",76,"catch22"
"6_Beef",1,"CO_HistogramAMI_even_2_5",1.00630574406679,"catch22"
"6_Beef",1,"CO_trev_1_num",-0.000441770274104796,"catch22"
"6_Beef",1,"MD_hrv_classic_pnn40",0.368869936034115,"catch22"
"6_Beef",1,"SB_BinaryStats_mean_longstretch1",109,"catch22"
"6_Beef",1,"SB_TransitionMatrix_3ac_sumdiagcov",0.0136054421768707,"catch22"
"6_Beef",1,"PD_PeriodicityWang_th0_01",125,"catch22"
"6_Beef",1,"CO_Embed2_Dist_tau_d_expfit_meandiff",1.61908247115904,"catch22"
"6_Beef",1,"IN_AutoMutualInfoStats_40_gaussian_fmmi",40,"catch22"
"6_Beef",1,"FC_LocalSimple_mean1_tauresrat",0.135593220338983,"catch22"
"6_Beef",1,"DN_OutlierInclude_p_001_mdrmd",0.438297872340426,"catch22"
"6_Beef",1,"DN_OutlierInclude_n_001_mdrmd",0.85531914893617,"catch22"
"6_Beef",1,"SP_Summaries_welch_rect_area_5_1",0.992801376357788,"catch22"
"6_Beef",1,"SB_BinaryStats_diff_longstretch0",34,"catch22"
"6_Beef",1,"SB_MotifThree_quantile_hh",1.32836845546205,"catch22"
"6_Beef",1,"SC_FluctAnal_2_rsrangefit_50_1_logi_prop_r1",0.369565217391304,"catch22"
"6_Beef",1,"SC_FluctAnal_2_dfa_50_1_2_logi_prop_r1",0.826086956521739,"catch22"
"6_Beef",1,"SP_Summaries_welch_rect_centroid",0.0245436926061719,"catch22"
"6_Beef",1,"FC_LocalSimple_mean3_stderr",0.171069969458163,"catch22"
"6_Beef",1,"DN_Mean",1.49808512592689e-09,"catch22"
"6_Beef",1,"DN_Spread_Std",0.999999997825372,"catch22"
"7_Beef",2,"DN_HistogramMode_5",0.407576400940361,"catch22"
"7_Beef",2,"DN_HistogramMode_10",0.178751360445576,"catch22"
"7_Beef",2,"CO_f1ecac",41.9344287547121,"catch22"
"7_Beef",2,"CO_FirstMin_ac",117,"catch22"
"7_Beef",2,"CO_HistogramAMI_even_2_5",1.04373228670794,"catch22"
"7_Beef",2,"CO_trev_1_num",-0.00045960279580363,"catch22"
"7_Beef",2,"MD_hrv_classic_pnn40",0.287846481876333,"catch22"
"7_Beef",2,"SB_BinaryStats_mean_longstretch1",120,"catch22"
"7_Beef",2,"SB_TransitionMatrix_3ac_sumdiagcov",0.00680272108843537,"catch22"
"7_Beef",2,"PD_PeriodicityWang_th0_01",121,"catch22"
"7_Beef",2,"CO_Embed2_Dist_tau_d_expfit_meandiff",2.5255486114516,"catch22"
"7_Beef",2,"IN_AutoMutualInfoStats_40_gaussian_fmmi",40,"catch22"
"7_Beef",2,"FC_LocalSimple_mean1_tauresrat",0.171875,"catch22"
"7_Beef",2,"DN_OutlierInclude_p_001_mdrmd",0.421276595744681,"catch22"
"7_Beef",2,"DN_OutlierInclude_n_001_mdrmd",0.848936170212766,"catch22"
"7_Beef",2,"SP_Summaries_welch_rect_area_5_1",0.993311759564678,"catch22"
"7_Beef",2,"SB_BinaryStats_diff_longstretch0",33,"catch22"
"7_Beef",2,"SB_MotifThree_quantile_hh",1.32838267020842,"catch22"
"7_Beef",2,"SC_FluctAnal_2_rsrangefit_50_1_logi_prop_r1",0.347826086956522,"catch22"
"7_Beef",2,"SC_FluctAnal_2_dfa_50_1_2_logi_prop_r1",0.826086956521739,"catch22"
"7_Beef",2,"SP_Summaries_welch_rect_centroid",0.0245436926061719,"catch22"
"7_Beef",2,"FC_LocalSimple_mean3_stderr",0.119571276098908,"catch22"
"7_Beef",2,"DN_Mean",-5.9063953255465e-11,"catch22"
"7_Beef",2,"DN_Spread_Std",0.999999997837713,"catch22"
"8_Beef",2,"DN_HistogramMode_5",0.428482850155161,"catch22"
"8_Beef",2,"DN_HistogramMode_10",0.21705006506138,"catch22"
"8_Beef",2,"CO_f1ecac",46.1371598782672,"catch22"
"8_Beef",2,"CO_FirstMin_ac",114,"catch22"
"8_Beef",2,"CO_HistogramAMI_even_2_5",1.10565884140142,"catch22"
"8_Beef",2,"CO_trev_1_num",-0.000215178759742178,"catch22"
"8_Beef",2,"MD_hrv_classic_pnn40",0.221748400852878,"catch22"
"8_Beef",2,"SB_BinaryStats_mean_longstretch1",105,"catch22"
"8_Beef",2,"SB_TransitionMatrix_3ac_sumdiagcov",0.0462962962962963,"catch22"
"8_Beef",2,"PD_PeriodicityWang_th0_01",139,"catch22"
"8_Beef",2,"CO_Embed2_Dist_tau_d_expfit_meandiff",2.77569535686734,"catch22"
"8_Beef",2,"IN_AutoMutualInfoStats_40_gaussian_fmmi",40,"catch22"
"8_Beef",2,"FC_LocalSimple_mean1_tauresrat",0.242857142857143,"catch22"
"8_Beef",2,"DN_OutlierInclude_p_001_mdrmd",0.368085106382979,"catch22"
"8_Beef",2,"DN_OutlierInclude_n_001_mdrmd",0.787234042553191,"catch22"
"8_Beef",2,"SP_Summaries_welch_rect_area_5_1",0.99434058767268,"catch22"
"8_Beef",2,"SB_BinaryStats_diff_longstretch0",37,"catch22"
"8_Beef",2,"SB_MotifThree_quantile_hh",1.28698993359386,"catch22"
"8_Beef",2,"SC_FluctAnal_2_rsrangefit_50_1_logi_prop_r1",0.41304347826087,"catch22"
"8_Beef",2,"SC_FluctAnal_2_dfa_50_1_2_logi_prop_r1",0.195652173913043,"catch22"
"8_Beef",2,"SP_Summaries_welch_rect_centroid",0.0245436926061719,"catch22"
"8_Beef",2,"FC_LocalSimple_mean3_stderr",0.0870346525475923,"catch22"
"8_Beef",2,"DN_Mean",3.48934734534352e-11,"catch22"
"8_Beef",2,"DN_Spread_Std",0.999999999556447,"catch22"
"9_Beef",2,"DN_HistogramMode_5",0.0242487499198656,"catch22"
"9_Beef",2,"DN_HistogramMode_10",0.231458604816905,"catch22"
"9_Beef",2,"CO_f1ecac",45.9313644245885,"catch22"
"9_Beef",2,"CO_FirstMin_ac",126,"catch22"
"9_Beef",2,"CO_HistogramAMI_even_2_5",0.980556495567117,"catch22"
"9_Beef",2,"CO_trev_1_num",-0.00117322576144608,"catch22"
"9_Beef",2,"MD_hrv_classic_pnn40",0.366737739872068,"catch22"
"9_Beef",2,"SB_BinaryStats_mean_longstretch1",132,"catch22"
"9_Beef",2,"SB_TransitionMatrix_3ac_sumdiagcov",0.0462962962962963,"catch22"
"9_Beef",2,"PD_PeriodicityWang_th0_01",51,"catch22"
"9_Beef",2,"CO_Embed2_Dist_tau_d_expfit_meandiff",1.92195815615821,"catch22"
"9_Beef",2,"IN_AutoMutualInfoStats_40_gaussian_fmmi",40,"catch22"
"9_Beef",2,"FC_LocalSimple_mean1_tauresrat",0.132352941176471,"catch22"
"9_Beef",2,"DN_OutlierInclude_p_001_mdrmd",0.376595744680851,"catch22"
"9_Beef",2,"DN_OutlierInclude_n_001_mdrmd",0.840425531914894,"catch22"
"9_Beef",2,"SP_Summaries_welch_rect_area_5_1",0.991982165727389,"catch22"
"9_Beef",2,"SB_BinaryStats_diff_longstretch0",31,"catch22"
"9_Beef",2,"SB_MotifThree_quantile_hh",1.32704310775691,"catch22"
"9_Beef",2,"SC_FluctAnal_2_rsrangefit_50_1_logi_prop_r1",0.195652173913043,"catch22"
"9_Beef",2,"SC_FluctAnal_2_dfa_50_1_2_logi_prop_r1",0.260869565217391,"catch22"
"9_Beef",2,"SP_Summaries_welch_rect_centroid",0.0245436926061719,"catch22"
"9_Beef",2,"FC_LocalSimple_mean3_stderr",0.154345825497083,"catch22"
"9_Beef",2,"DN_Mean",6.80851630393813e-11,"catch22"
"9_Beef",2,"DN_Spread_Std",1.00000000049689,"catch22"
"10_Beef",2,"DN_HistogramMode_5",0.0044090001616871,"catch22"
"10_Beef",2,"DN_HistogramMode_10",-0.198352629524529,"catch22"
"10_Beef",2,"CO_f1ecac",43.4434484076316,"catch22"
"10_Beef",2,"CO_FirstMin_ac",125,"catch22"
"10_Beef",2,"CO_HistogramAMI_even_2_5",0.998554174319487,"catch22"
"10_Beef",2,"CO_trev_1_num",-0.000581926643154104,"catch22"
"10_Beef",2,"MD_hrv_classic_pnn40",0.32409381663113,"catch22"
"10_Beef",2,"SB_BinaryStats_mean_longstretch1",133,"catch22"
"10_Beef",2,"SB_TransitionMatrix_3ac_sumdiagcov",0.0748299319727891,"catch22"
"10_Beef",2,"PD_PeriodicityWang_th0_01",49,"catch22"
"10_Beef",2,"CO_Embed2_Dist_tau_d_expfit_meandiff",1.9879082553294,"catch22"
"10_Beef",2,"IN_AutoMutualInfoStats_40_gaussian_fmmi",40,"catch22"
"10_Beef",2,"FC_LocalSimple_mean1_tauresrat",0.136363636363636,"catch22"
"10_Beef",2,"DN_OutlierInclude_p_001_mdrmd",0.395744680851064,"catch22"
"10_Beef",2,"DN_OutlierInclude_n_001_mdrmd",0.851063829787234,"catch22"
"10_Beef",2,"SP_Summaries_welch_rect_area_5_1",0.99301641819246,"catch22"
"10_Beef",2,"SB_BinaryStats_diff_longstretch0",33,"catch22"
"10_Beef",2,"SB_MotifThree_quantile_hh",1.31508061093261,"catch22"
"10_Beef",2,"SC_FluctAnal_2_rsrangefit_50_1_logi_prop_r1",0.195652173913043,"catch22"
"10_Beef",2,"SC_FluctAnal_2_dfa_50_1_2_logi_prop_r1",0.260869565217391,"catch22"
"10_Beef",2,"SP_Summaries_welch_rect_centroid",0.0245436926061719,"catch22"
"10_Beef",2,"FC_LocalSimple_mean3_stderr",0.1496575707366,"catch22"
"10_Beef",2,"DN_Mean",-1.68510440589477e-10,"catch22"
"10_Beef",2,"DN_Spread_Std",1.00000000154755,"catch22"
"11_Beef",2,"DN_HistogramMode_5",-0.315597830910595,"catch22"
"11_Beef",2,"DN_HistogramMode_10",-0.0981810357127477,"catch22"
"11_Beef",2,"CO_f1ecac",43.2627536601102,"catch22"
"11_Beef",2,"CO_FirstMin_ac",111,"catch22"
"11_Beef",2,"CO_HistogramAMI_even_2_5",1.12953590104601,"catch22"
"11_Beef",2,"CO_trev_1_num",-0.000225114663407388,"catch22"
"11_Beef",2,"MD_hrv_classic_pnn40",0.194029850746269,"catch22"
"11_Beef",2,"SB_BinaryStats_mean_longstretch1",105,"catch22"
"11_Beef",2,"SB_TransitionMatrix_3ac_sumdiagcov",0.0340136054421769,"catch22"
"11_Beef",2,"PD_PeriodicityWang_th0_01",134,"catch22"
"11_Beef",2,"CO_Embed2_Dist_tau_d_expfit_meandiff",2.88203155262558,"catch22"
"11_Beef",2,"IN_AutoMutualInfoStats_40_gaussian_fmmi",40,"catch22"
"11_Beef",2,"FC_LocalSimple_mean1_tauresrat",0.272727272727273,"catch22"
"11_Beef",2,"DN_OutlierInclude_p_001_mdrmd",0.38936170212766,"catch22"
"11_Beef",2,"DN_OutlierInclude_n_001_mdrmd",0.79468085106383,"catch22"
"11_Beef",2,"SP_Summaries_welch_rect_area_5_1",0.994556628052885,"catch22"
"11_Beef",2,"SB_BinaryStats_diff_longstretch0",34,"catch22"
"11_Beef",2,"SB_MotifThree_quantile_hh",1.31433821598452,"catch22"
"11_Beef",2,"SC_FluctAnal_2_rsrangefit_50_1_logi_prop_r1",0.41304347826087,"catch22"
"11_Beef",2,"SC_FluctAnal_2_dfa_50_1_2_logi_prop_r1",0.217391304347826,"catch22"
"11_Beef",2,"SP_Summaries_welch_rect_centroid",0.0245436926061719,"catch22"
"11_Beef",2,"FC_LocalSimple_mean3_stderr",0.0838659119293972,"catch22"
"11_Beef",2,"DN_Mean",6.23404108949445e-10,"catch22"
"11_Beef",2,"DN_Spread_Std",0.99999999909001,"catch22"
"12_Beef",2,"DN_HistogramMode_5",-0.277686130453378,"catch22"
"12_Beef",2,"DN_HistogramMode_10",-0.0569303848281533,"catch22"
"12_Beef",2,"CO_f1ecac",43.0728120274028,"catch22"
"12_Beef",2,"CO_FirstMin_ac",111,"catch22"
"12_Beef",2,"CO_HistogramAMI_even_2_5",1.05199840249353,"catch22"
"12_Beef",2,"CO_trev_1_num",-0.000198486572839716,"catch22"
"12_Beef",2,"MD_hrv_classic_pnn40",0.200426439232409,"catch22"
"12_Beef",2,"SB_BinaryStats_mean_longstretch1",106,"catch22"
"12_Beef",2,"SB_TransitionMatrix_3ac_sumdiagcov",0.0340136054421769,"catch22"
"12_Beef",2,"PD_PeriodicityWang_th0_01",133,"catch22"
"12_Beef",2,"CO_Embed2_Dist_tau_d_expfit_meandiff",2.88665571080593,"catch22"
"12_Beef",2,"IN_AutoMutualInfoStats_40_gaussian_fmmi",40,"catch22"
"12_Beef",2,"FC_LocalSimple_mean1_tauresrat",0.272727272727273,"catch22"
"12_Beef",2,"DN_OutlierInclude_p_001_mdrmd",0.391489361702128,"catch22"
"12_Beef",2,"DN_OutlierInclude_n_001_mdrmd",0.797872340425532,"catch22"
"12_Beef",2,"SP_Summaries_welch_rect_area_5_1",0.994694132551244,"catch22"
"12_Beef",2,"SB_BinaryStats_diff_longstretch0",34,"catch22"
"12_Beef",2,"SB_MotifThree_quantile_hh",1.27205692067007,"catch22"
"12_Beef",2,"SC_FluctAnal_2_rsrangefit_50_1_logi_prop_r1",0.41304347826087,"catch22"
"12_Beef",2,"SC_FluctAnal_2_dfa_50_1_2_logi_prop_r1",0.130434782608696,"catch22"
"12_Beef",2,"SP_Summaries_welch_rect_centroid",0.0245436926061719,"catch22"
"12_Beef",2,"FC_LocalSimple_mean3_stderr",0.0847844019794999,"catch22"
"12_Beef",2,"DN_Mean",-3.33084910008218e-10,"catch22"
"12_Beef",2,"DN_Spread_Std",0.999999997167798,"catch22"
"13_Beef",3,"DN_HistogramMode_5",0.178862850074193,"catch22"
"13_Beef",3,"DN_HistogramMode_10",-0.0359719249590572,"catch22"
"13_Beef",3,"CO_f1ecac",42.7358496913751,"catch22"
"13_Beef",3,"CO_FirstMin_ac",122,"catch22"
"13_Beef",3,"CO_HistogramAMI_even_2_5",1.00991491422509,"catch22"
"13_Beef",3,"CO_trev_1_num",-0.000356540901465363,"catch22"
"13_Beef",3,"MD_hrv_classic_pnn40",0.292110874200426,"catch22"
"13_Beef",3,"SB_BinaryStats_mean_longstretch1",122,"catch22"
"13_Beef",3,"SB_TransitionMatrix_3ac_sumdiagcov",0.0340136054421769,"catch22"
"13_Beef",3,"PD_PeriodicityWang_th0_01",119,"catch22"
"13_Beef",3,"CO_Embed2_Dist_tau_d_expfit_meandiff",2.23236093254906,"catch22"
"13_Beef",3,"IN_AutoMutualInfoStats_40_gaussian_fmmi",40,"catch22"
"13_Beef",3,"FC_LocalSimple_mean1_tauresrat",0.138461538461538,"catch22"
"13_Beef",3,"DN_OutlierInclude_p_001_mdrmd",0.417021276595745,"catch22"
"13_Beef",3,"DN_OutlierInclude_n_001_mdrmd",0.851063829787234,"catch22"
"13_Beef",3,"SP_Summaries_welch_rect_area_5_1",0.993210081769142,"catch22"
"13_Beef",3,"SB_BinaryStats_diff_longstretch0",45,"catch22"
"13_Beef",3,"SB_MotifThree_quantile_hh",1.30104968502588,"catch22"
"13_Beef",3,"SC_FluctAnal_2_rsrangefit_50_1_logi_prop_r1",0.195652173913043,"catch22"
"13_Beef",3,"SC_FluctAnal_2_dfa_50_1_2_logi_prop_r1",0.826086956521739,"catch22"
"13_Beef",3,"SP_Summaries_welch_rect_centroid",0.0245436926061719,"catch22"
"13_Beef",3,"FC_LocalSimple_mean3_stderr",0.132820923054131,"catch22"
"13_Beef",3,"DN_Mean",-4.65103827791838e-11,"catch22"
"13_Beef",3,"DN_Spread_Std",0.999999999845231,"catch22"
"14_Beef",3,"DN_HistogramMode_5",-0.302326690698008,"catch22"
"14_Beef",3,"DN_HistogramMode_10",-0.0848868553759135,"catch22"
"14_Beef",3,"CO_f1ecac",42.8826123459125,"catch22"
"14_Beef",3,"CO_FirstMin_ac",111,"catch22"
"14_Beef",3,"CO_HistogramAMI_even_2_5",1.14412039986839,"catch22"
"14_Beef",3,"CO_trev_1_num",-7.61120503839167e-05,"catch22"
"14_Beef",3,"MD_hrv_classic_pnn40",0.185501066098081,"catch22"
"14_Beef",3,"SB_BinaryStats_mean_longstretch1",106,"catch22"
"14_Beef",3,"SB_TransitionMatrix_3ac_sumdiagcov",0.0340136054421769,"catch22"
"14_Beef",3,"PD_PeriodicityWang_th0_01",133,"catch22"
"14_Beef",3,"CO_Embed2_Dist_tau_d_expfit_meandiff",4.3503749306985,"catch22"
"14_Beef",3,"IN_AutoMutualInfoStats_40_gaussian_fmmi",40,"catch22"
"14_Beef",3,"FC_LocalSimple_mean1_tauresrat",0.318181818181818,"catch22"
"14_Beef",3,"DN_OutlierInclude_p_001_mdrmd",0.393617021276596,"catch22"
"14_Beef",3,"DN_OutlierInclude_n_001_mdrmd",0.795744680851064,"catch22"
"14_Beef",3,"SP_Summaries_welch_rect_area_5_1",0.994967254841649,"catch22"
"14_Beef",3,"SB_BinaryStats_diff_longstretch0",60,"catch22"
"14_Beef",3,"SB_MotifThree_quantile_hh",1.27204289296255,"catch22"
"14_Beef",3,"SC_FluctAnal_2_rsrangefit_50_1_logi_prop_r1",0.41304347826087,"catch22"
"14_Beef",3,"SC_FluctAnal_2_dfa_50_1_2_logi_prop_r1",0.217391304347826,"catch22"
"14_Beef",3,"SP_Summaries_welch_rect_centroid",0.0245436926061719,"catch22"
"14_Beef",3,"FC_LocalSimple_mean3_stderr",0.0785682379305677,"catch22"
"14_Beef",3,"DN_Mean",2.50170206063885e-10,"catch22"
"14_Beef",3,"DN_Spread_Std",0.999999998518696,"catch22"
"15_Beef",3,"DN_HistogramMode_5",0.245308900768862,"catch22"
"15_Beef",3,"DN_HistogramMode_10",0.0244110907029825,"catch22"
"15_Beef",3,"CO_f1ecac",42.7525944599305,"catch22"
"15_Beef",3,"CO_FirstMin_ac",120,"catch22"
"15_Beef",3,"CO_HistogramAMI_even_2_5",0.970790444013708,"catch22"
"15_Beef",3,"CO_trev_1_num",-0.000467477596356788,"catch22"
"15_Beef",3,"MD_hrv_classic_pnn40",0.287846481876333,"catch22"
"15_Beef",3,"SB_BinaryStats_mean_longstretch1",125,"catch22"
"15_Beef",3,"SB_TransitionMatrix_3ac_sumdiagcov",0.0340136054421769,"catch22"
"15_Beef",3,"PD_PeriodicityWang_th0_01",121,"catch22"
"15_Beef",3,"CO_Embed2_Dist_tau_d_expfit_meandiff",2.56320773509325,"catch22"
"15_Beef",3,"IN_AutoMutualInfoStats_40_gaussian_fmmi",40,"catch22"
"15_Beef",3,"FC_LocalSimple_mean1_tauresrat",0.153846153846154,"catch22"
"15_Beef",3,"DN_OutlierInclude_p_001_mdrmd",0.421276595744681,"catch22"
"15_Beef",3,"DN_OutlierInclude_n_001_mdrmd",0.851063829787234,"catch22"
"15_Beef",3,"SP_Summaries_welch_rect_area_5_1",0.993103873985402,"catch22"
"15_Beef",3,"SB_BinaryStats_diff_longstretch0",33,"catch22"
"15_Beef",3,"SB_MotifThree_quantile_hh",1.34165560415366,"catch22"
"15_Beef",3,"SC_FluctAnal_2_rsrangefit_50_1_logi_prop_r1",0.195652173913043,"catch22"
"15_Beef",3,"SC_FluctAnal_2_dfa_50_1_2_logi_prop_r1",0.826086956521739,"catch22"
"15_Beef",3,"SP_Summaries_welch_rect_centroid",0.0245436926061719,"catch22"
"15_Beef",3,"FC_LocalSimple_mean3_stderr",0.121963636421051,"catch22"
"15_Beef",3,"DN_Mean",-6.95702330259873e-10,"catch22"
"15_Beef",3,"DN_Spread_Std",0.999999999701765,"catch22"
"16_Beef",3,"DN_HistogramMode_5",0.193157100961192,"catch22"
"16_Beef",3,"DN_HistogramMode_10",-0.0241644987188963,"catch22"
"16_Beef",3,"CO_f1ecac",41.4776534586979,"catch22"
"16_Beef",3,"CO_FirstMin_ac",122,"catch22"
"16_Beef",3,"CO_HistogramAMI_even_2_5",0.968870399544405,"catch22"
"16_Beef",3,"CO_trev_1_num",-0.000621071514218882,"catch22"
"16_Beef",3,"MD_hrv_classic_pnn40",0.298507462686567,"catch22"
"16_Beef",3,"SB_BinaryStats_mean_longstretch1",126,"catch22"
"16_Beef",3,"SB_TransitionMatrix_3ac_sumdiagcov",0.0748299319727891,"catch22"
"16_Beef",3,"PD_PeriodicityWang_th0_01",119,"catch22"
"16_Beef",3,"CO_Embed2_Dist_tau_d_expfit_meandiff",1.99597943783176,"catch22"
"16_Beef",3,"IN_AutoMutualInfoStats_40_gaussian_fmmi",40,"catch22"
"16_Beef",3,"FC_LocalSimple_mean1_tauresrat",0.140625,"catch22"
"16_Beef",3,"DN_OutlierInclude_p_001_mdrmd",0.421276595744681,"catch22"
"16_Beef",3,"DN_OutlierInclude_n_001_mdrmd",0.851063829787234,"catch22"
"16_Beef",3,"SP_Summaries_welch_rect_area_5_1",0.992924718286478,"catch22"
"16_Beef",3,"SB_BinaryStats_diff_longstretch0",33,"catch22"
"16_Beef",3,"SB_MotifThree_quantile_hh",1.31508061093261,"catch22"
"16_Beef",3,"SC_FluctAnal_2_rsrangefit_50_1_logi_prop_r1",0.195652173913043,"catch22"
"16_Beef",3,"SC_FluctAnal_2_dfa_50_1_2_logi_prop_r1",0.826086956521739,"catch22"
"16_Beef",3,"SP_Summaries_welch_rect_centroid",0.0245436926061719,"catch22"
"16_Beef",3,"FC_LocalSimple_mean3_stderr",0.142820142917684,"catch22"
"16_Beef",3,"DN_Mean",-1.24553196976099e-09,"catch22"
"16_Beef",3,"DN_Spread_Std",1.00000000147207,"catch22"
"17_Beef",3,"DN_HistogramMode_5",-0.247710819307826,"catch22"
"17_Beef",3,"DN_HistogramMode_10",-0.0193600893478805,"catch22"
"17_Beef",3,"CO_f1ecac",41.0020037715019,"catch22"
"17_Beef",3,"CO_FirstMin_ac",110,"catch22"
"17_Beef",3,"CO_HistogramAMI_even_2_5",1.06755644838633,"catch22"
"17_Beef",3,"CO_trev_1_num",-0.000221390645844807,"catch22"
"17_Beef",3,"MD_hrv_classic_pnn40",0.204690831556503,"catch22"
"17_Beef",3,"SB_BinaryStats_mean_longstretch1",104,"catch22"
"17_Beef",3,"SB_TransitionMatrix_3ac_sumdiagcov",0.0136054421768707,"catch22"
"17_Beef",3,"PD_PeriodicityWang_th0_01",130,"catch22"
"17_Beef",3,"CO_Embed2_Dist_tau_d_expfit_meandiff",2.81947223419366,"catch22"
"17_Beef",3,"IN_AutoMutualInfoStats_40_gaussian_fmmi",40,"catch22"
"17_Beef",3,"FC_LocalSimple_mean1_tauresrat",0.338709677419355,"catch22"
"17_Beef",3,"DN_OutlierInclude_p_001_mdrmd",0.423404255319149,"catch22"
"17_Beef",3,"DN_OutlierInclude_n_001_mdrmd",0.804255319148936,"catch22"
"17_Beef",3,"SP_Summaries_welch_rect_area_5_1",0.994554015369684,"catch22"
"17_Beef",3,"SB_BinaryStats_diff_longstretch0",33,"catch22"
"17_Beef",3,"SB_MotifThree_quantile_hh",1.27205692067007,"catch22"
"17_Beef",3,"SC_FluctAnal_2_rsrangefit_50_1_logi_prop_r1",0.41304347826087,"catch22"
"17_Beef",3,"SC_FluctAnal_2_dfa_50_1_2_logi_prop_r1",0.826086956521739,"catch22"
"17_Beef",3,"SP_Summaries_welch_rect_centroid",0.0245436926061719,"catch22"
"17_Beef",3,"FC_LocalSimple_mean3_stderr",0.0842671324810198,"catch22"
"17_Beef",3,"DN_Mean",-6.48723360609256e-10,"catch22"
"17_Beef",3,"DN_Spread_Std",1.00000000017541,"catch22"
"18_Beef",3,"DN_HistogramMode_5",-0.361041108249489,"catch22"
"18_Beef",3,"DN_HistogramMode_10",-0.142861542888988,"catch22"
"18_Beef",3,"CO_f1ecac",43.672334490611,"catch22"
"18_Beef",3,"CO_FirstMin_ac",112,"catch22"
"18_Beef",3,"CO_HistogramAMI_even_2_5",1.13365566352373,"catch22"
"18_Beef",3,"CO_trev_1_num",-9.33050878943289e-05,"catch22"
"18_Beef",3,"MD_hrv_classic_pnn40",0.211087420042644,"catch22"
"18_Beef",3,"SB_BinaryStats_mean_longstretch1",105,"catch22"
"18_Beef",3,"SB_TransitionMatrix_3ac_sumdiagcov",0.0340136054421769,"catch22"
"18_Beef",3,"PD_PeriodicityWang_th0_01",133,"catch22"
"18_Beef",3,"CO_Embed2_Dist_tau_d_expfit_meandiff",4.39883696164937,"catch22"
"18_Beef",3,"IN_AutoMutualInfoStats_40_gaussian_fmmi",40,"catch22"
"18_Beef",3,"FC_LocalSimple_mean1_tauresrat",0.272727272727273,"catch22"
"18_Beef",3,"DN_OutlierInclude_p_001_mdrmd",0.387234042553191,"catch22"
"18_Beef",3,"DN_OutlierInclude_n_001_mdrmd",0.795744680851064,"catch22"
"18_Beef",3,"SP_Summaries_welch_rect_area_5_1",0.994681798374671,"catch22"
"18_Beef",3,"SB_BinaryStats_diff_longstretch0",40,"catch22"
"18_Beef",3,"SB_MotifThree_quantile_hh",1.25601788461874,"catch22"
"18_Beef",3,"SC_FluctAnal_2_rsrangefit_50_1_logi_prop_r1",0.41304347826087,"catch22"
"18_Beef",3,"SC_FluctAnal_2_dfa_50_1_2_logi_prop_r1",0.130434782608696,"catch22"
"18_Beef",3,"SP_Summaries_welch_rect_centroid",0.0245436926061719,"catch22"
"18_Beef",3,"FC_LocalSimple_mean3_stderr",0.0823723142900805,"catch22"
"18_Beef",3,"DN_Mean",-2.34706404193671e-09,"catch22"
"18_Beef",3,"DN_Spread_Std",0.999999998347686,"catch22"
"19_Beef",4,"DN_HistogramMode_5",0.0618402493367167,"catch22"
"19_Beef",4,"DN_HistogramMode_10",0.269833564234076,"catch22"
"19_Beef",4,"CO_f1ecac",46.7826710165038,"catch22"
"19_Beef",4,"CO_FirstMin_ac",125,"catch22"
"19_Beef",4,"CO_HistogramAMI_even_2_5",1.04246572727087,"catch22"
"19_Beef",4,"CO_trev_1_num",-0.000271382105407727,"catch22"
"19_Beef",4,"MD_hrv_classic_pnn40",0.304904051172708,"catch22"
"19_Beef",4,"SB_BinaryStats_mean_longstretch1",133,"catch22"
"19_Beef",4,"SB_TransitionMatrix_3ac_sumdiagcov",0.0462962962962963,"catch22"
"19_Beef",4,"PD_PeriodicityWang_th0_01",148,"catch22"
"19_Beef",4,"CO_Embed2_Dist_tau_d_expfit_meandiff",2.60920347919499,"catch22"
"19_Beef",4,"IN_AutoMutualInfoStats_40_gaussian_fmmi",40,"catch22"
"19_Beef",4,"FC_LocalSimple_mean1_tauresrat",0.147058823529412,"catch22"
"19_Beef",4,"DN_OutlierInclude_p_001_mdrmd",0.393617021276596,"catch22"
"19_Beef",4,"DN_OutlierInclude_n_001_mdrmd",0.832978723404255,"catch22"
"19_Beef",4,"SP_Summaries_welch_rect_area_5_1",0.993093158712761,"catch22"
"19_Beef",4,"SB_BinaryStats_diff_longstretch0",48,"catch22"
"19_Beef",4,"SB_MotifThree_quantile_hh",1.32838267020842,"catch22"
"19_Beef",4,"SC_FluctAnal_2_rsrangefit_50_1_logi_prop_r1",0.195652173913043,"catch22"
"19_Beef",4,"SC_FluctAnal_2_dfa_50_1_2_logi_prop_r1",0.826086956521739,"catch22"
"19_Beef",4,"SP_Summaries_welch_rect_centroid",0.0245436926061719,"catch22"
"19_Beef",4,"FC_LocalSimple_mean3_stderr",0.125133745553348,"catch22"
"19_Beef",4,"DN_Mean",6.32765893583007e-10,"catch22"
"19_Beef",4,"DN_Spread_Std",1.00000000049348,"catch22"
"20_Beef",4,"DN_HistogramMode_5",0.403171999332397,"catch22"
"20_Beef",4,"DN_HistogramMode_10",0.188757879247038,"catch22"
"20_Beef",4,"CO_f1ecac",45.2873207958916,"catch22"
"20_Beef",4,"CO_FirstMin_ac",116,"catch22"
"20_Beef",4,"CO_HistogramAMI_even_2_5",1.09575566410725,"catch22"
"20_Beef",4,"CO_trev_1_num",-0.00019369802543057,"catch22"
"20_Beef",4,"MD_hrv_classic_pnn40",0.236673773987207,"catch22"
"20_Beef",4,"SB_BinaryStats_mean_longstretch1",104,"catch22"
"20_Beef",4,"SB_TransitionMatrix_3ac_sumdiagcov",0.0462962962962963,"catch22"
"20_Beef",4,"PD_PeriodicityWang_th0_01",134,"catch22"
"20_Beef",4,"CO_Embed2_Dist_tau_d_expfit_meandiff",3.08423427428551,"catch22"
"20_Beef",4,"IN_AutoMutualInfoStats_40_gaussian_fmmi",40,"catch22"
"20_Beef",4,"FC_LocalSimple_mean1_tauresrat",0.260869565217391,"catch22"
"20_Beef",4,"DN_OutlierInclude_p_001_mdrmd",0.374468085106383,"catch22"
"20_Beef",4,"DN_OutlierInclude_n_001_mdrmd",0.787234042553191,"catch22"
"20_Beef",4,"SP_Summaries_welch_rect_area_5_1",0.994158351237886,"catch22"
"20_Beef",4,"SB_BinaryStats_diff_longstretch0",33,"catch22"
"20_Beef",4,"SB_MotifThree_quantile_hh",1.32836845546205,"catch22"
"20_Beef",4,"SC_FluctAnal_2_rsrangefit_50_1_logi_prop_r1",0.41304347826087,"catch22"
"20_Beef",4,"SC_FluctAnal_2_dfa_50_1_2_logi_prop_r1",0.130434782608696,"catch22"
"20_Beef",4,"SP_Summaries_welch_rect_centroid",0.0245436926061719,"catch22"
"20_Beef",4,"FC_LocalSimple_mean3_stderr",0.0877340010519057,"catch22"
"20_Beef",4,"DN_Mean",8.28106156224472e-10,"catch22"
"20_Beef",4,"DN_Spread_Std",0.9999999996019,"catch22"
"21_Beef",4,"DN_HistogramMode_5",0.63463631067023,"catch22"
"21_Beef",4,"DN_HistogramMode_10",0.0545268656105069,"catch22"
"21_Beef",4,"CO_f1ecac",48.2509863735183,"catch22"
"21_Beef",4,"CO_FirstMin_ac",127,"catch22"
"21_Beef",4,"CO_HistogramAMI_even_2_5",1.06863001753528,"catch22"
"21_Beef",4,"CO_trev_1_num",-0.000743623951478178,"catch22"
"21_Beef",4,"MD_hrv_classic_pnn40",0.321961620469083,"catch22"
"21_Beef",4,"SB_BinaryStats_mean_longstretch1",141,"catch22"
"21_Beef",4,"SB_TransitionMatrix_3ac_sumdiagcov",0.0462962962962963,"catch22"
"21_Beef",4,"PD_PeriodicityWang_th0_01",51,"catch22"
"21_Beef",4,"CO_Embed2_Dist_tau_d_expfit_meandiff",1.95676326264996,"catch22"
"21_Beef",4,"IN_AutoMutualInfoStats_40_gaussian_fmmi",40,"catch22"
"21_Beef",4,"FC_LocalSimple_mean1_tauresrat",0.114285714285714,"catch22"
"21_Beef",4,"DN_OutlierInclude_p_001_mdrmd",0.212765957446809,"catch22"
"21_Beef",4,"DN_OutlierInclude_n_001_mdrmd",0.843617021276596,"catch22"
"21_Beef",4,"SP_Summaries_welch_rect_area_5_1",0.992503204618798,"catch22"
"21_Beef",4,"SB_BinaryStats_diff_longstretch0",33,"catch22"
"21_Beef",4,"SB_MotifThree_quantile_hh",1.35430223439784,"catch22"
"21_Beef",4,"SC_FluctAnal_2_rsrangefit_50_1_logi_prop_r1",0.195652173913043,"catch22"
"21_Beef",4,"SC_FluctAnal_2_dfa_50_1_2_logi_prop_r1",0.152173913043478,"catch22"
"21_Beef",4,"SP_Summaries_welch_rect_centroid",0.0245436926061719,"catch22"
"21_Beef",4,"FC_LocalSimple_mean3_stderr",0.151407213533191,"catch22"
"21_Beef",4,"DN_Mean",-6.04893312743902e-10,"catch22"
"21_Beef",4,"DN_Spread_Std",0.999999999897049,"catch22"
"22_Beef",4,"DN_HistogramMode_5",0.221518249799851,"catch22"
"22_Beef",4,"DN_HistogramMode_10",0.0027164445149831,"catch22"
"22_Beef",4,"CO_f1ecac",43.0648778208341,"catch22"
"22_Beef",4,"CO_FirstMin_ac",120,"catch22"
"22_Beef",4,"CO_HistogramAMI_even_2_5",0.962519856938439,"catch22"
"22_Beef",4,"CO_trev_1_num",-0.00033457389108937,"catch22"
"22_Beef",4,"MD_hrv_classic_pnn40",0.298507462686567,"catch22"
"22_Beef",4,"SB_BinaryStats_mean_longstretch1",134,"catch22"
"22_Beef",4,"SB_TransitionMatrix_3ac_sumdiagcov",0.00680272108843537,"catch22"
"22_Beef",4,"PD_PeriodicityWang_th0_01",120,"catch22"
"22_Beef",4,"CO_Embed2_Dist_tau_d_expfit_meandiff",2.70955132134788,"catch22"
"22_Beef",4,"IN_AutoMutualInfoStats_40_gaussian_fmmi",40,"catch22"
"22_Beef",4,"FC_LocalSimple_mean1_tauresrat",0.169230769230769,"catch22"
"22_Beef",4,"DN_OutlierInclude_p_001_mdrmd",0.419148936170213,"catch22"
"22_Beef",4,"DN_OutlierInclude_n_001_mdrmd",0.846808510638298,"catch22"
"22_Beef",4,"SP_Summaries_welch_rect_area_5_1",0.993243817119508,"catch22"
"22_Beef",4,"SB_BinaryStats_diff_longstretch0",33,"catch22"
"22_Beef",4,"SB_MotifThree_quantile_hh",1.27904429218186,"catch22"
"22_Beef",4,"SC_FluctAnal_2_rsrangefit_50_1_logi_prop_r1",0.217391304347826,"catch22"
"22_Beef",4,"SC_FluctAnal_2_dfa_50_1_2_logi_prop_r1",0.826086956521739,"catch22"
"22_Beef",4,"SP_Summaries_welch_rect_centroid",0.0245436926061719,"catch22"
"22_Beef",4,"FC_LocalSimple_mean3_stderr",0.119792409132122,"catch22"
"22_Beef",4,"DN_Mean",4.88553755370779e-10,"catch22"
"22_Beef",4,"DN_Spread_Std",0.999999998698055,"catch22"
"23_Beef",4,"DN_HistogramMode_5",0.361330349752393,"catch22"
"23_Beef",4,"DN_HistogramMode_10",0.148917914904387,"catch22"
"23_Beef",4,"CO_f1ecac",43.2580715004184,"catch22"
"23_Beef",4,"CO_FirstMin_ac",113,"catch22"
"23_Beef",4,"CO_HistogramAMI_even_2_5",1.12453040972624,"catch22"
"23_Beef",4,"CO_trev_1_num",-0.00011214078111836,"catch22"
"23_Beef",4,"MD_hrv_classic_pnn40",0.221748400852878,"catch22"
"23_Beef",4,"SB_BinaryStats_mean_longstretch1",100,"catch22"
"23_Beef",4,"SB_TransitionMatrix_3ac_sumdiagcov",0.0476190476190476,"catch22"
"23_Beef",4,"PD_PeriodicityWang_th0_01",133,"catch22"
"23_Beef",4,"CO_Embed2_Dist_tau_d_expfit_meandiff",3.88723419631442,"catch22"
"23_Beef",4,"IN_AutoMutualInfoStats_40_gaussian_fmmi",40,"catch22"
"23_Beef",4,"FC_LocalSimple_mean1_tauresrat",0.272727272727273,"catch22"
"23_Beef",4,"DN_OutlierInclude_p_001_mdrmd",0.393617021276596,"catch22"
"23_Beef",4,"DN_OutlierInclude_n_001_mdrmd",0.791489361702128,"catch22"
"23_Beef",4,"SP_Summaries_welch_rect_area_5_1",0.994272892823751,"catch22"
"23_Beef",4,"SB_BinaryStats_diff_longstretch0",33,"catch22"
"23_Beef",4,"SB_MotifThree_quantile_hh",1.26300582495636,"catch22"
"23_Beef",4,"SC_FluctAnal_2_rsrangefit_50_1_logi_prop_r1",0.41304347826087,"catch22"
"23_Beef",4,"SC_FluctAnal_2_dfa_50_1_2_logi_prop_r1",0.826086956521739,"catch22"
"23_Beef",4,"SP_Summaries_welch_rect_centroid",0.0245436926061719,"catch22"
"23_Beef",4,"FC_LocalSimple_mean3_stderr",0.0847150026230029,"catch22"
"23_Beef",4,"DN_Mean",-1.0946757448495e-11,"catch22"
"23_Beef",4,"DN_Spread_Std",1.00000000071556,"catch22"
"24_Beef",4,"DN_HistogramMode_5",0.323004350149961,"catch22"
"24_Beef",4,"DN_HistogramMode_10",0.110814394964734,"catch22"
"24_Beef",4,"CO_f1ecac",45.0010226030049,"catch22"
"24_Beef",4,"CO_FirstMin_ac",116,"catch22"
"24_Beef",4,"CO_HistogramAMI_even_2_5",1.04173027381259,"catch22"
"24_Beef",4,"CO_trev_1_num",-0.000200996493794329,"catch22"
"24_Beef",4,"MD_hrv_classic_pnn40",0.247334754797441,"catch22"
"24_Beef",4,"SB_BinaryStats_mean_longstretch1",100,"catch22"
"24_Beef",4,"SB_TransitionMatrix_3ac_sumdiagcov",0.0462962962962963,"catch22"
"24_Beef",4,"PD_PeriodicityWang_th0_01",133,"catch22"
"24_Beef",4,"CO_Embed2_Dist_tau_d_expfit_meandiff",3.13499816349439,"catch22"
"24_Beef",4,"IN_AutoMutualInfoStats_40_gaussian_fmmi",40,"catch22"
"24_Beef",4,"FC_LocalSimple_mean1_tauresrat",0.25,"catch22"
"24_Beef",4,"DN_OutlierInclude_p_001_mdrmd",0.382978723404255,"catch22"
"24_Beef",4,"DN_OutlierInclude_n_001_mdrmd",0.801063829787234,"catch22"
"24_Beef",4,"SP_Summaries_welch_rect_area_5_1",0.993905605960549,"catch22"
"24_Beef",4,"SB_BinaryStats_diff_longstretch0",33,"catch22"
"24_Beef",4,"SB_MotifThree_quantile_hh",1.27807621824855,"catch22"
"24_Beef",4,"SC_FluctAnal_2_rsrangefit_50_1_logi_prop_r1",0.41304347826087,"catch22"
"24_Beef",4,"SC_FluctAnal_2_dfa_50_1_2_logi_prop_r1",0.826086956521739,"catch22"
"24_Beef",4,"SP_Summaries_welch_rect_centroid",0.0245436926061719,"catch22"
"24_Beef",4,"FC_LocalSimple_mean3_stderr",0.0894427531468702,"catch22"
"24_Beef",4,"DN_Mean",1.32000040685155e-10,"catch22"
"24_Beef",4,"DN_Spread_Std",0.999999999127066,"catch22"
"25_Beef",5,"DN_HistogramMode_5",0.217402950688641,"catch22"
"25_Beef",5,"DN_HistogramMode_10",-0.000655223910924874,"catch22"
"25_Beef",5,"CO_f1ecac",42.221224983631,"catch22"
"25_Beef",5,"CO_FirstMin_ac",122,"catch22"
"25_Beef",5,"CO_HistogramAMI_even_2_5",0.994643979787981,"catch22"
"25_Beef",5,"CO_trev_1_num",-0.000448526864415596,"catch22"
"25_Beef",5,"MD_hrv_classic_pnn40",0.304904051172708,"catch22"
"25_Beef",5,"SB_BinaryStats_mean_longstretch1",122,"catch22"
"25_Beef",5,"SB_TransitionMatrix_3ac_sumdiagcov",0.0340136054421769,"catch22"
"25_Beef",5,"PD_PeriodicityWang_th0_01",47,"catch22"
"25_Beef",5,"CO_Embed2_Dist_tau_d_expfit_meandiff",2.28824965101499,"catch22"
"25_Beef",5,"IN_AutoMutualInfoStats_40_gaussian_fmmi",40,"catch22"
"25_Beef",5,"FC_LocalSimple_mean1_tauresrat",0.153846153846154,"catch22"
"25_Beef",5,"DN_OutlierInclude_p_001_mdrmd",0.417021276595745,"catch22"
"25_Beef",5,"DN_OutlierInclude_n_001_mdrmd",0.851063829787234,"catch22"
"25_Beef",5,"SP_Summaries_welch_rect_area_5_1",0.993120757964381,"catch22"
"25_Beef",5,"SB_BinaryStats_diff_longstretch0",31,"catch22"
"25_Beef",5,"SB_MotifThree_quantile_hh",1.31508061093261,"catch22"
"25_Beef",5,"SC_FluctAnal_2_rsrangefit_50_1_logi_prop_r1",0.347826086956522,"catch22"
"25_Beef",5,"SC_FluctAnal_2_dfa_50_1_2_logi_prop_r1",0.826086956521739,"catch22"
"25_Beef",5,"SP_Summaries_welch_rect_centroid",0.0245436926061719,"catch22"
"25_Beef",5,"FC_LocalSimple_mean3_stderr",0.137696081675719,"catch22"
"25_Beef",5,"DN_Mean",-1.08787210114907e-09,"catch22"
"25_Beef",5,"DN_Spread_Std",1.00000000183636,"catch22"
"26_Beef",5,"DN_HistogramMode_5",-0.239188199150589,"catch22"
"26_Beef",5,"DN_HistogramMode_10",-0.00991404954902619,"catch22"
"26_Beef",5,"CO_f1ecac",41.4358906261822,"catch22"
"26_Beef",5,"CO_FirstMin_ac",110,"catch22"
"26_Beef",5,"CO_HistogramAMI_even_2_5",0.959516439708298,"catch22"
"26_Beef",5,"CO_trev_1_num",-0.000133736069448971,"catch22"
"26_Beef",5,"MD_hrv_classic_pnn40",0.196162046908316,"catch22"
"26_Beef",5,"SB_BinaryStats_mean_longstretch1",104,"catch22"
"26_Beef",5,"SB_TransitionMatrix_3ac_sumdiagcov",0.0136054421768707,"catch22"
"26_Beef",5,"PD_PeriodicityWang_th0_01",129,"catch22"
"26_Beef",5,"CO_Embed2_Dist_tau_d_expfit_meandiff",3.63216410106809,"catch22"
"26_Beef",5,"IN_AutoMutualInfoStats_40_gaussian_fmmi",40,"catch22"
"26_Beef",5,"FC_LocalSimple_mean1_tauresrat",0.28125,"catch22"
"26_Beef",5,"DN_OutlierInclude_p_001_mdrmd",0.421276595744681,"catch22"
"26_Beef",5,"DN_OutlierInclude_n_001_mdrmd",0.821276595744681,"catch22"
"26_Beef",5,"SP_Summaries_welch_rect_area_5_1",0.994786855543624,"catch22"
"26_Beef",5,"SB_BinaryStats_diff_longstretch0",37,"catch22"
"26_Beef",5,"SB_MotifThree_quantile_hh",1.27205692067007,"catch22"
"26_Beef",5,"SC_FluctAnal_2_rsrangefit_50_1_logi_prop_r1",0.41304347826087,"catch22"
"26_Beef",5,"SC_FluctAnal_2_dfa_50_1_2_logi_prop_r1",0.130434782608696,"catch22"
"26_Beef",5,"SP_Summaries_welch_rect_centroid",0.0245436926061719,"catch22"
"26_Beef",5,"FC_LocalSimple_mean3_stderr",0.084939428522382,"catch22"
"26_Beef",5,"DN_Mean",-4.33744620834888e-10,"catch22"
"26_Beef",5,"DN_Spread_Std",1.00000000173782,"catch22"
"27_Beef",5,"DN_HistogramMode_5",0.112074350460047,"catch22"
"27_Beef",5,"DN_HistogramMode_10",-0.0975110447359597,"catch22"
"27_Beef",5,"CO_f1ecac",38.516744044575,"catch22"
"27_Beef",5,"CO_FirstMin_ac",79,"catch22"
"27_Beef",5,"CO_HistogramAMI_even_2_5",0.978191838124329,"catch22"
"27_Beef",5,"CO_trev_1_num",-0.000613859516660301,"catch22"
"27_Beef",5,"MD_hrv_classic_pnn40",0.317697228144989,"catch22"
"27_Beef",5,"SB_BinaryStats_mean_longstretch1",122,"catch22"
"27_Beef",5,"SB_TransitionMatrix_3ac_sumdiagcov",0.0748299319727891,"catch22"
"27_Beef",5,"PD_PeriodicityWang_th0_01",48,"catch22"
"27_Beef",5,"CO_Embed2_Dist_tau_d_expfit_meandiff",1.88939114462046,"catch22"
"27_Beef",5,"IN_AutoMutualInfoStats_40_gaussian_fmmi",40,"catch22"
"27_Beef",5,"FC_LocalSimple_mean1_tauresrat",0.125,"catch22"
"27_Beef",5,"DN_OutlierInclude_p_001_mdrmd",0.408510638297872,"catch22"
"27_Beef",5,"DN_OutlierInclude_n_001_mdrmd",0.851063829787234,"catch22"
"27_Beef",5,"SP_Summaries_welch_rect_area_5_1",0.99319823061822,"catch22"
"27_Beef",5,"SB_BinaryStats_diff_longstretch0",34,"catch22"
"27_Beef",5,"SB_MotifThree_quantile_hh",1.32838267020842,"catch22"
"27_Beef",5,"SC_FluctAnal_2_rsrangefit_50_1_logi_prop_r1",0.347826086956522,"catch22"
"27_Beef",5,"SC_FluctAnal_2_dfa_50_1_2_logi_prop_r1",0.826086956521739,"catch22"
"27_Beef",5,"SP_Summaries_welch_rect_centroid",0.0245436926061719,"catch22"
"27_Beef",5,"FC_LocalSimple_mean3_stderr",0.154763509482677,"catch22"
"27_Beef",5,"DN_Mean",-3.55234000607653e-10,"catch22"
"27_Beef",5,"DN_Spread_Std",0.999999999064786,"catch22"
"28_Beef",5,"DN_HistogramMode_5",0.000419449497001789,"catch22"
"28_Beef",5,"DN_HistogramMode_10",0.202916484579808,"catch22"
"28_Beef",5,"CO_f1ecac",45.9044926484519,"catch22"
"28_Beef",5,"CO_FirstMin_ac",126,"catch22"
"28_Beef",5,"CO_HistogramAMI_even_2_5",0.993492462944151,"catch22"
"28_Beef",5,"CO_trev_1_num",-0.000671074768229514,"catch22"
"28_Beef",5,"MD_hrv_classic_pnn40",0.317697228144989,"catch22"
"28_Beef",5,"SB_BinaryStats_mean_longstretch1",134,"catch22"
"28_Beef",5,"SB_TransitionMatrix_3ac_sumdiagcov",0.0462962962962963,"catch22"
"28_Beef",5,"PD_PeriodicityWang_th0_01",49,"catch22"
"28_Beef",5,"CO_Embed2_Dist_tau_d_expfit_meandiff",2.05039633035059,"catch22"
"28_Beef",5,"IN_AutoMutualInfoStats_40_gaussian_fmmi",40,"catch22"
"28_Beef",5,"FC_LocalSimple_mean1_tauresrat",0.132352941176471,"catch22"
"28_Beef",5,"DN_OutlierInclude_p_001_mdrmd",0.361702127659574,"catch22"
"28_Beef",5,"DN_OutlierInclude_n_001_mdrmd",0.836170212765957,"catch22"
"28_Beef",5,"SP_Summaries_welch_rect_area_5_1",0.992861035867132,"catch22"
"28_Beef",5,"SB_BinaryStats_diff_longstretch0",32,"catch22"
"28_Beef",5,"SB_MotifThree_quantile_hh",1.32838267020842,"catch22"
"28_Beef",5,"SC_FluctAnal_2_rsrangefit_50_1_logi_prop_r1",0.195652173913043,"catch22"
"28_Beef",5,"SC_FluctAnal_2_dfa_50_1_2_logi_prop_r1",0.260869565217391,"catch22"
"28_Beef",5,"SP_Summaries_welch_rect_centroid",0.0245436926061719,"catch22"
"28_Beef",5,"FC_LocalSimple_mean3_stderr",0.147187283503975,"catch22"
"28_Beef",5,"DN_Mean",5.03170051251256e-10,"catch22"
"28_Beef",5,"DN_Spread_Std",0.999999999591075,"catch22"
"29_Beef",5,"DN_HistogramMode_5",0.428947949035333,"catch22"
"29_Beef",5,"DN_HistogramMode_10",0.216718134120531,"catch22"
"29_Beef",5,"CO_f1ecac",45.3469478275143,"catch22"
"29_Beef",5,"CO_FirstMin_ac",114,"catch22"
"29_Beef",5,"CO_HistogramAMI_even_2_5",1.13113293496892,"catch22"
"29_Beef",5,"CO_trev_1_num",-6.28150953822323e-05,"catch22"
"29_Beef",5,"MD_hrv_classic_pnn40",0.221748400852878,"catch22"
"29_Beef",5,"SB_BinaryStats_mean_longstretch1",104,"catch22"
"29_Beef",5,"SB_TransitionMatrix_3ac_sumdiagcov",0.0462962962962963,"catch22"
"29_Beef",5,"PD_PeriodicityWang_th0_01",134,"catch22"
"29_Beef",5,"CO_Embed2_Dist_tau_d_expfit_meandiff",4.66358047629936,"catch22"
"29_Beef",5,"IN_AutoMutualInfoStats_40_gaussian_fmmi",40,"catch22"
"29_Beef",5,"FC_LocalSimple_mean1_tauresrat",0.246376811594203,"catch22"
"29_Beef",5,"DN_OutlierInclude_p_001_mdrmd",0.376595744680851,"catch22"
"29_Beef",5,"DN_OutlierInclude_n_001_mdrmd",0.78936170212766,"catch22"
"29_Beef",5,"SP_Summaries_welch_rect_area_5_1",0.994657905647397,"catch22"
"29_Beef",5,"SB_BinaryStats_diff_longstretch0",51,"catch22"
"29_Beef",5,"SB_MotifThree_quantile_hh",1.27205692067007,"catch22"
"29_Beef",5,"SC_FluctAnal_2_rsrangefit_50_1_logi_prop_r1",0.41304347826087,"catch22"
"29_Beef",5,"SC_FluctAnal_2_dfa_50_1_2_logi_prop_r1",0.130434782608696,"catch22"
"29_Beef",5,"SP_Summaries_welch_rect_centroid",0.0245436926061719,"catch22"
"29_Beef",5,"FC_LocalSimple_mean3_stderr",0.0846729636592579,"catch22"
"29_Beef",5,"DN_Mean",7.92468393507246e-10,"catch22"
"29_Beef",5,"DN_Spread_Std",1.00000000040144,"catch22"
"30_Beef",5,"DN_HistogramMode_5",-0.242397810887091,"catch22"
"30_Beef",5,"DN_HistogramMode_10",-0.0129251456074329,"catch22"
"30_Beef",5,"CO_f1ecac",41.6020084394919,"catch22"
"30_Beef",5,"CO_FirstMin_ac",110,"catch22"
"30_Beef",5,"CO_HistogramAMI_even_2_5",0.952912065231095,"catch22"
"30_Beef",5,"CO_trev_1_num",-0.000156671096573507,"catch22"
"30_Beef",5,"MD_hrv_classic_pnn40",0.20682302771855,"catch22"
"30_Beef",5,"SB_BinaryStats_mean_longstretch1",105,"catch22"
"30_Beef",5,"SB_TransitionMatrix_3ac_sumdiagcov",0.0136054421768707,"catch22"
"30_Beef",5,"PD_PeriodicityWang_th0_01",128,"catch22"
"30_Beef",5,"CO_Embed2_Dist_tau_d_expfit_meandiff",3.41908753902437,"catch22"
"30_Beef",5,"IN_AutoMutualInfoStats_40_gaussian_fmmi",40,"catch22"
"30_Beef",5,"FC_LocalSimple_mean1_tauresrat",0.3125,"catch22"
"30_Beef",5,"DN_OutlierInclude_p_001_mdrmd",0.423404255319149,"catch22"
"30_Beef",5,"DN_OutlierInclude_n_001_mdrmd",0.826595744680851,"catch22"
"30_Beef",5,"SP_Summaries_welch_rect_area_5_1",0.994749925297747,"catch22"
"30_Beef",5,"SB_BinaryStats_diff_longstretch0",37,"catch22"
"30_Beef",5,"SB_MotifThree_quantile_hh",1.28613127629958,"catch22"
"30_Beef",5,"SC_FluctAnal_2_rsrangefit_50_1_logi_prop_r1",0.41304347826087,"catch22"
"30_Beef",5,"SC_FluctAnal_2_dfa_50_1_2_logi_prop_r1",0.130434782608696,"catch22"
"30_Beef",5,"SP_Summaries_welch_rect_centroid",0.0245436926061719,"catch22"
"30_Beef",5,"FC_LocalSimple_mean3_stderr",0.0852239423119004,"catch22"
"30_Beef",5,"DN_Mean",5.91680927420972e-10,"catch22"
"30_Beef",5,"DN_Spread_Std",0.999999998781301,"catch22"
"31_Beef",1,"DN_HistogramMode_5",0.252268650603872,"catch22"
"31_Beef",1,"DN_HistogramMode_10",0.0326754757542232,"catch22"
"31_Beef",1,"CO_f1ecac",44.7875836370473,"catch22"
"31_Beef",1,"CO_FirstMin_ac",121,"catch22"
"31_Beef",1,"CO_HistogramAMI_even_2_5",0.916113699502607,"catch22"
"31_Beef",1,"CO_trev_1_num",-0.000312114536529437,"catch22"
"31_Beef",1,"MD_hrv_classic_pnn40",0.272921108742004,"catch22"
"31_Beef",1,"SB_BinaryStats_mean_longstretch1",132,"catch22"
"31_Beef",1,"SB_TransitionMatrix_3ac_sumdiagcov",0.0136054421768707,"catch22"
"31_Beef",1,"PD_PeriodicityWang_th0_01",125,"catch22"
"31_Beef",1,"CO_Embed2_Dist_tau_d_expfit_meandiff",2.83704102814553,"catch22"
"31_Beef",1,"IN_AutoMutualInfoStats_40_gaussian_fmmi",40,"catch22"
"31_Beef",1,"FC_LocalSimple_mean1_tauresrat",0.166666666666667,"catch22"
"31_Beef",1,"DN_OutlierInclude_p_001_mdrmd",0.41063829787234,"catch22"
"31_Beef",1,"DN_OutlierInclude_n_001_mdrmd",0.834042553191489,"catch22"
"31_Beef",1,"SP_Summaries_welch_rect_area_5_1",0.993443726489157,"catch22"
"31_Beef",1,"SB_BinaryStats_diff_longstretch0",32,"catch22"
"31_Beef",1,"SB_MotifThree_quantile_hh",1.34165560415366,"catch22"
"31_Beef",1,"SC_FluctAnal_2_rsrangefit_50_1_logi_prop_r1",0.217391304347826,"catch22"
"31_Beef",1,"SC_FluctAnal_2_dfa_50_1_2_logi_prop_r1",0.826086956521739,"catch22"
"31_Beef",1,"SP_Summaries_welch_rect_centroid",0.0245436926061719,"catch22"
"31_Beef",1,"FC_LocalSimple_mean3_stderr",0.116319411483828,"catch22"
"31_Beef",1,"DN_Mean",-7.76595510357543e-10,"catch22"
"31_Beef",1,"DN_Spread_Std",1.00000000068468,"catch22"
"32_Beef",1,"DN_HistogramMode_5",-0.0331807495514083,"catch22"
"32_Beef",1,"DN_HistogramMode_10",0.203284474843013,"catch22"
"32_Beef",1,"CO_f1ecac",33.7742210214018,"catch22"
"32_Beef",1,"CO_FirstMin_ac",79,"catch22"
"32_Beef",1,"CO_HistogramAMI_even_2_5",0.874981302985367,"catch22"
"32_Beef",1,"CO_trev_1_num",-8.68107635527372e-05,"catch22"
"32_Beef",1,"MD_hrv_classic_pnn40",0.247334754797441,"catch22"
"32_Beef",1,"SB_BinaryStats_mean_longstretch1",296,"catch22"
"32_Beef",1,"SB_TransitionMatrix_3ac_sumdiagcov",0.0329218106995885,"catch22"
"32_Beef",1,"PD_PeriodicityWang_th0_01",128,"catch22"
"32_Beef",1,"CO_Embed2_Dist_tau_d_expfit_meandiff",3.7386388971631,"catch22"
"32_Beef",1,"IN_AutoMutualInfoStats_40_gaussian_fmmi",40,"catch22"
"32_Beef",1,"FC_LocalSimple_mean1_tauresrat",0.63265306122449,"catch22"
"32_Beef",1,"DN_OutlierInclude_p_001_mdrmd",0.137234042553191,"catch22"
"32_Beef",1,"DN_OutlierInclude_n_001_mdrmd",0.459574468085106,"catch22"
"32_Beef",1,"SP_Summaries_welch_rect_area_5_1",0.997643658597901,"catch22"
"32_Beef",1,"SB_BinaryStats_diff_longstretch0",51,"catch22"
"32_Beef",1,"SB_MotifThree_quantile_hh",1.31433821598452,"catch22"
"32_Beef",1,"SC_FluctAnal_2_rsrangefit_50_1_logi_prop_r1",0.41304347826087,"catch22"
"32_Beef",1,"SC_FluctAnal_2_dfa_50_1_2_logi_prop_r1",0.826086956521739,"catch22"
"32_Beef",1,"SP_Summaries_welch_rect_centroid",0.0368155389092578,"catch22"
"32_Beef",1,"FC_LocalSimple_mean3_stderr",0.0876167289716648,"catch22"
"32_Beef",1,"DN_Mean",-3.63617069846435e-10,"catch22"
"32_Beef",1,"DN_Spread_Std",1.00000000256096,"catch22"
"33_Beef",1,"DN_HistogramMode_5",0.816177149726225,"catch22"
"33_Beef",1,"DN_HistogramMode_10",0.54228247462489,"catch22"
"33_Beef",1,"CO_f1ecac",32.7551366955044,"catch22"
"33_Beef",1,"CO_FirstMin_ac",65,"catch22"
"33_Beef",1,"CO_HistogramAMI_even_2_5",0.918885124343057,"catch22"
"33_Beef",1,"CO_trev_1_num",-0.000126079866024485,"catch22"
"33_Beef",1,"MD_hrv_classic_pnn40",0.326226012793177,"catch22"
"33_Beef",1,"SB_BinaryStats_mean_longstretch1",246,"catch22"
"33_Beef",1,"SB_TransitionMatrix_3ac_sumdiagcov",0.0520833333333333,"catch22"
"33_Beef",1,"PD_PeriodicityWang_th0_01",117,"catch22"
"33_Beef",1,"CO_Embed2_Dist_tau_d_expfit_meandiff",2.07484457681079,"catch22"
"33_Beef",1,"IN_AutoMutualInfoStats_40_gaussian_fmmi",40,"catch22"
"33_Beef",1,"FC_LocalSimple_mean1_tauresrat",0.185185185185185,"catch22"
"33_Beef",1,"DN_OutlierInclude_p_001_mdrmd",-0.551063829787234,"catch22"
"33_Beef",1,"DN_OutlierInclude_n_001_mdrmd",0.451063829787234,"catch22"
"33_Beef",1,"SP_Summaries_welch_rect_area_5_1",0.997455122639622,"catch22"
"33_Beef",1,"SB_BinaryStats_diff_longstretch0",42,"catch22"
"33_Beef",1,"SB_MotifThree_quantile_hh",1.24722437439748,"catch22"
"33_Beef",1,"SC_FluctAnal_2_rsrangefit_50_1_logi_prop_r1",0.434782608695652,"catch22"
"33_Beef",1,"SC_FluctAnal_2_dfa_50_1_2_logi_prop_r1",0.826086956521739,"catch22"
"33_Beef",1,"SP_Summaries_welch_rect_centroid",0.0368155389092578,"catch22"
"33_Beef",1,"FC_LocalSimple_mean3_stderr",0.141078609945349,"catch22"
"33_Beef",1,"DN_Mean",5.75744791558509e-10,"catch22"
"33_Beef",1,"DN_Spread_Std",0.99999999963002,"catch22"
"34_Beef",1,"DN_HistogramMode_5",0.90926939918438,"catch22"
"34_Beef",1,"DN_HistogramMode_10",0.179681699462742,"catch22"
"34_Beef",1,"CO_f1ecac",33.6770276636485,"catch22"
"34_Beef",1,"CO_FirstMin_ac",67,"catch22"
"34_Beef",1,"CO_HistogramAMI_even_2_5",1.07715827736711,"catch22"
"34_Beef",1,"CO_trev_1_num",-0.000305967989918762,"catch22"
"34_Beef",1,"MD_hrv_classic_pnn40",0.366737739872068,"catch22"
"34_Beef",1,"SB_BinaryStats_mean_longstretch1",246,"catch22"
"34_Beef",1,"SB_TransitionMatrix_3ac_sumdiagcov",0.111111111111111,"catch22"
"34_Beef",1,"PD_PeriodicityWang_th0_01",108,"catch22"
"34_Beef",1,"CO_Embed2_Dist_tau_d_expfit_meandiff",1.79835284045422,"catch22"
"34_Beef",1,"IN_AutoMutualInfoStats_40_gaussian_fmmi",40,"catch22"
"34_Beef",1,"FC_LocalSimple_mean1_tauresrat",0.0676691729323308,"catch22"
"34_Beef",1,"DN_OutlierInclude_p_001_mdrmd",-0.6,"catch22"
"34_Beef",1,"DN_OutlierInclude_n_001_mdrmd",0.465957446808511,"catch22"
"34_Beef",1,"SP_Summaries_welch_rect_area_5_1",0.996648755265356,"catch22"
"34_Beef",1,"SB_BinaryStats_diff_longstretch0",27,"catch22"
"34_Beef",1,"SB_MotifThree_quantile_hh",1.26131323487466,"catch22"
"34_Beef",1,"SC_FluctAnal_2_rsrangefit_50_1_logi_prop_r1",0.434782608695652,"catch22"
"34_Beef",1,"SC_FluctAnal_2_dfa_50_1_2_logi_prop_r1",0.282608695652174,"catch22"
"34_Beef",1,"SP_Summaries_welch_rect_centroid",0.0368155389092578,"catch22"
"34_Beef",1,"FC_LocalSimple_mean3_stderr",0.155778833628907,"catch22"
"34_Beef",1,"DN_Mean",4.68702251242304e-10,"catch22"
"34_Beef",1,"DN_Spread_Std",1.00000000038153,"catch22"
"35_Beef",1,"DN_HistogramMode_5",-0.109290960236415,"catch22"
"35_Beef",1,"DN_HistogramMode_10",0.124744999686655,"catch22"
"35_Beef",1,"CO_f1ecac",32.9928762691175,"catch22"
"35_Beef",1,"CO_FirstMin_ac",71,"catch22"
"35_Beef",1,"CO_HistogramAMI_even_2_5",0.860312947590869,"catch22"
"35_Beef",1,"CO_trev_1_num",-2.50307733827186e-05,"catch22"
"35_Beef",1,"MD_hrv_classic_pnn40",0.26865671641791,"catch22"
"35_Beef",1,"SB_BinaryStats_mean_longstretch1",294,"catch22"
"35_Beef",1,"SB_TransitionMatrix_3ac_sumdiagcov",0.0205761316872428,"catch22"
"35_Beef",1,"PD_PeriodicityWang_th0_01",126,"catch22"
"35_Beef",1,"CO_Embed2_Dist_tau_d_expfit_meandiff",3.33563122972757,"catch22"
"35_Beef",1,"IN_AutoMutualInfoStats_40_gaussian_fmmi",40,"catch22"
"35_Beef",1,"FC_LocalSimple_mean1_tauresrat",0.604166666666667,"catch22"
"35_Beef",1,"DN_OutlierInclude_p_001_mdrmd",-0.0723404255319149,"catch22"
"35_Beef",1,"DN_OutlierInclude_n_001_mdrmd",0.453191489361702,"catch22"
"35_Beef",1,"SP_Summaries_welch_rect_area_5_1",0.997587634590966,"catch22"
"35_Beef",1,"SB_BinaryStats_diff_longstretch0",42,"catch22"
"35_Beef",1,"SB_MotifThree_quantile_hh",1.32704310775691,"catch22"
"35_Beef",1,"SC_FluctAnal_2_rsrangefit_50_1_logi_prop_r1",0.41304347826087,"catch22"
"35_Beef",1,"SC_FluctAnal_2_dfa_50_1_2_logi_prop_r1",0.804347826086957,"catch22"
"35_Beef",1,"SP_Summaries_welch_rect_centroid",0.0368155389092578,"catch22"
"35_Beef",1,"FC_LocalSimple_mean3_stderr",0.103189203642163,"catch22"
"35_Beef",1,"DN_Mean",2.72340221857521e-10,"catch22"
"35_Beef",1,"DN_Spread_Std",1.00000000032871,"catch22"
"36_Beef",1,"DN_HistogramMode_5",-0.395991530801924,"catch22"
"36_Beef",1,"DN_HistogramMode_10",-0.159552785686186,"catch22"
"36_Beef",1,"CO_f1ecac",34.0768789216321,"catch22"
"36_Beef",1,"CO_FirstMin_ac",77,"catch22"
"36_Beef",1,"CO_HistogramAMI_even_2_5",0.983033429264707,"catch22"
"36_Beef",1,"CO_trev_1_num",-0.00013889970058936,"catch22"
"36_Beef",1,"MD_hrv_classic_pnn40",0.35181236673774,"catch22"
"36_Beef",1,"SB_BinaryStats_mean_longstretch1",109,"catch22"
"36_Beef",1,"SB_TransitionMatrix_3ac_sumdiagcov",0.0136054421768707,"catch22"
"36_Beef",1,"PD_PeriodicityWang_th0_01",142,"catch22"
"36_Beef",1,"CO_Embed2_Dist_tau_d_expfit_meandiff",1.74612316950449,"catch22"
"36_Beef",1,"IN_AutoMutualInfoStats_40_gaussian_fmmi",40,"catch22"
"36_Beef",1,"FC_LocalSimple_mean1_tauresrat",0.166666666666667,"catch22"
"36_Beef",1,"DN_OutlierInclude_p_001_mdrmd",0.429787234042553,"catch22"
"36_Beef",1,"DN_OutlierInclude_n_001_mdrmd",0.853191489361702,"catch22"
"36_Beef",1,"SP_Summaries_welch_rect_area_5_1",0.992614158272374,"catch22"
"36_Beef",1,"SB_BinaryStats_diff_longstretch0",39,"catch22"
"36_Beef",1,"SB_MotifThree_quantile_hh",1.34165560415366,"catch22"
"36_Beef",1,"SC_FluctAnal_2_rsrangefit_50_1_logi_prop_r1",0.369565217391304,"catch22"
"36_Beef",1,"SC_FluctAnal_2_dfa_50_1_2_logi_prop_r1",0.826086956521739,"catch22"
"36_Beef",1,"SP_Summaries_welch_rect_centroid",0.0245436926061719,"catch22"
"36_Beef",1,"FC_LocalSimple_mean3_stderr",0.15882515999304,"catch22"
"36_Beef",1,"DN_Mean",6.08085188821768e-10,"catch22"
"36_Beef",1,"DN_Spread_Std",0.999999999510498,"catch22"
"37_Beef",2,"DN_HistogramMode_5",0.333699500308732,"catch22"
"37_Beef",2,"DN_HistogramMode_10",0.109385010541709,"catch22"
"37_Beef",2,"CO_f1ecac",42.6051563587585,"catch22"
"37_Beef",2,"CO_FirstMin_ac",120,"catch22"
"37_Beef",2,"CO_HistogramAMI_even_2_5",0.997278918513661,"catch22"
"37_Beef",2,"CO_trev_1_num",-0.000455726600988122,"catch22"
"37_Beef",2,"MD_hrv_classic_pnn40",0.292110874200426,"catch22"
"37_Beef",2,"SB_BinaryStats_mean_longstretch1",121,"catch22"
"37_Beef",2,"SB_TransitionMatrix_3ac_sumdiagcov",0.0136054421768707,"catch22"
"37_Beef",2,"PD_PeriodicityWang_th0_01",120,"catch22"
"37_Beef",2,"CO_Embed2_Dist_tau_d_expfit_meandiff",2.63403970502725,"catch22"
"37_Beef",2,"IN_AutoMutualInfoStats_40_gaussian_fmmi",40,"catch22"
"37_Beef",2,"FC_LocalSimple_mean1_tauresrat",0.169230769230769,"catch22"
"37_Beef",2,"DN_OutlierInclude_p_001_mdrmd",0.417021276595745,"catch22"
"37_Beef",2,"DN_OutlierInclude_n_001_mdrmd",0.848936170212766,"catch22"
"37_Beef",2,"SP_Summaries_welch_rect_area_5_1",0.993269791054454,"catch22"
"37_Beef",2,"SB_BinaryStats_diff_longstretch0",30,"catch22"
"37_Beef",2,"SB_MotifThree_quantile_hh",1.32838267020842,"catch22"
"37_Beef",2,"SC_FluctAnal_2_rsrangefit_50_1_logi_prop_r1",0.347826086956522,"catch22"
"37_Beef",2,"SC_FluctAnal_2_dfa_50_1_2_logi_prop_r1",0.826086956521739,"catch22"
"37_Beef",2,"SP_Summaries_welch_rect_centroid",0.0245436926061719,"catch22"
"37_Beef",2,"FC_LocalSimple_mean3_stderr",0.12365325040676,"catch22"
"37_Beef",2,"DN_Mean",-6.55318975443691e-10,"catch22"
"37_Beef",2,"DN_Spread_Std",1.00000000103862,"catch22"
"38_Beef",2,"DN_HistogramMode_5",0.460628000246364,"catch22"
"38_Beef",2,"DN_HistogramMode_10",0.243851860164898,"catch22"
"38_Beef",2,"CO_f1ecac",44.9070627359348,"catch22"
"38_Beef",2,"CO_FirstMin_ac",114,"catch22"
"38_Beef",2,"CO_HistogramAMI_even_2_5",1.09207493950855,"catch22"
"38_Beef",2,"CO_trev_1_num",-0.000163995711874779,"catch22"
"38_Beef",2,"MD_hrv_classic_pnn40",0.221748400852878,"catch22"
"38_Beef",2,"SB_BinaryStats_mean_longstretch1",103,"catch22"
"38_Beef",2,"SB_TransitionMatrix_3ac_sumdiagcov",0.0462962962962963,"catch22"
"38_Beef",2,"PD_PeriodicityWang_th0_01",134,"catch22"
"38_Beef",2,"CO_Embed2_Dist_tau_d_expfit_meandiff",3.30305003927535,"catch22"
"38_Beef",2,"IN_AutoMutualInfoStats_40_gaussian_fmmi",40,"catch22"
"38_Beef",2,"FC_LocalSimple_mean1_tauresrat",0.25,"catch22"
"38_Beef",2,"DN_OutlierInclude_p_001_mdrmd",0.382978723404255,"catch22"
"38_Beef",2,"DN_OutlierInclude_n_001_mdrmd",0.8,"catch22"
"38_Beef",2,"SP_Summaries_welch_rect_area_5_1",0.994370349585707,"catch22"
"38_Beef",2,"SB_BinaryStats_diff_longstretch0",37,"catch22"
"38_Beef",2,"SB_MotifThree_quantile_hh",1.27205692067007,"catch22"
"38_Beef",2,"SC_FluctAnal_2_rsrangefit_50_1_logi_prop_r1",0.41304347826087,"catch22"
"38_Beef",2,"SC_FluctAnal_2_dfa_50_1_2_logi_prop_r1",0.130434782608696,"catch22"
"38_Beef",2,"SP_Summaries_welch_rect_centroid",0.0245436926061719,"catch22"
"38_Beef",2,"FC_LocalSimple_mean3_stderr",0.0883504428657242,"catch22"
"38_Beef",2,"DN_Mean",-7.32555363887008e-11,"catch22"
"38_Beef",2,"DN_Spread_Std",0.999999999624191,"catch22"
"39_Beef",2,"DN_HistogramMode_5",0.217071949769283,"catch22"
"39_Beef",2,"DN_HistogramMode_10",0.000833564654570074,"catch22"
"39_Beef",2,"CO_f1ecac",46.2682060233694,"catch22"
"39_Beef",2,"CO_FirstMin_ac",123,"catch22"
"39_Beef",2,"CO_HistogramAMI_even_2_5",0.965962717240239,"catch22"
"39_Beef",2,"CO_trev_1_num",-0.000379054261139646,"catch22"
"39_Beef",2,"MD_hrv_classic_pnn40",0.294243070362473,"catch22"
"39_Beef",2,"SB_BinaryStats_mean_longstretch1",127,"catch22"
"39_Beef",2,"SB_TransitionMatrix_3ac_sumdiagcov",0.0462962962962963,"catch22"
"39_Beef",2,"PD_PeriodicityWang_th0_01",0,"catch22"
"39_Beef",2,"CO_Embed2_Dist_tau_d_expfit_meandiff",2.79133888280863,"catch22"
"39_Beef",2,"IN_AutoMutualInfoStats_40_gaussian_fmmi",40,"catch22"
"39_Beef",2,"FC_LocalSimple_mean1_tauresrat",0.161764705882353,"catch22"
"39_Beef",2,"DN_OutlierInclude_p_001_mdrmd",0.387234042553191,"catch22"
"39_Beef",2,"DN_OutlierInclude_n_001_mdrmd",0.829787234042553,"catch22"
"39_Beef",2,"SP_Summaries_welch_rect_area_5_1",0.993227482338871,"catch22"
"39_Beef",2,"SB_BinaryStats_diff_longstretch0",33,"catch22"
"39_Beef",2,"SB_MotifThree_quantile_hh",1.31508061093261,"catch22"
"39_Beef",2,"SC_FluctAnal_2_rsrangefit_50_1_logi_prop_r1",0.217391304347826,"catch22"
"39_Beef",2,"SC_FluctAnal_2_dfa_50_1_2_logi_prop_r1",0.826086956521739,"catch22"
"39_Beef",2,"SP_Summaries_welch_rect_centroid",0.0245436926061719,"catch22"
"39_Beef",2,"FC_LocalSimple_mean3_stderr",0.119996374061302,"catch22"
"39_Beef",2,"DN_Mean",3.45872263217624e-10,"catch22"
"39_Beef",2,"DN_Spread_Std",0.999999999469506,"catch22"
"40_Beef",2,"DN_HistogramMode_5",0.511753200215931,"catch22"
"40_Beef",2,"DN_HistogramMode_10",-0.225816089848734,"catch22"
"40_Beef",2,"CO_f1ecac",24.9476375162502,"catch22"
"40_Beef",2,"CO_FirstMin_ac",76,"catch22"
"40_Beef",2,"CO_HistogramAMI_even_2_5",0.985946846636095,"catch22"
"40_Beef",2,"CO_trev_1_num",-0.00140770761706605,"catch22"
"40_Beef",2,"MD_hrv_classic_pnn40",0.362473347547974,"catch22"
"40_Beef",2,"SB_BinaryStats_mean_longstretch1",130,"catch22"
"40_Beef",2,"SB_TransitionMatrix_3ac_sumdiagcov",0.0340136054421769,"catch22"
"40_Beef",2,"PD_PeriodicityWang_th0_01",52,"catch22"
"40_Beef",2,"CO_Embed2_Dist_tau_d_expfit_meandiff",1.38970642103673,"catch22"
"40_Beef",2,"IN_AutoMutualInfoStats_40_gaussian_fmmi",31,"catch22"
"40_Beef",2,"FC_LocalSimple_mean1_tauresrat",0.107692307692308,"catch22"
"40_Beef",2,"DN_OutlierInclude_p_001_mdrmd",-0.453191489361702,"catch22"
"40_Beef",2,"DN_OutlierInclude_n_001_mdrmd",0.853191489361702,"catch22"
"40_Beef",2,"SP_Summaries_welch_rect_area_5_1",0.993111713351109,"catch22"
"40_Beef",2,"SB_BinaryStats_diff_longstretch0",37,"catch22"
"40_Beef",2,"SB_MotifThree_quantile_hh",1.32836845546205,"catch22"
"40_Beef",2,"SC_FluctAnal_2_rsrangefit_50_1_logi_prop_r1",0.369565217391304,"catch22"
"40_Beef",2,"SC_FluctAnal_2_dfa_50_1_2_logi_prop_r1",0.152173913043478,"catch22"
"40_Beef",2,"SP_Summaries_welch_rect_centroid",0.0245436926061719,"catch22"
"40_Beef",2,"FC_LocalSimple_mean3_stderr",0.195940469852594,"catch22"
"40_Beef",2,"DN_Mean",-1.7106381039821e-10,"catch22"
"40_Beef",2,"DN_Spread_Std",0.999999999912326,"catch22"
"41_Beef",2,"DN_HistogramMode_5",-0.375149421112739,"catch22"
"41_Beef",2,"DN_HistogramMode_10",-0.163826490731626,"catch22"
"41_Beef",2,"CO_f1ecac",45.8032815919342,"catch22"
"41_Beef",2,"CO_FirstMin_ac",114,"catch22"
"41_Beef",2,"CO_HistogramAMI_even_2_5",1.16436768506108,"catch22"
"41_Beef",2,"CO_trev_1_num",-0.000307270595901484,"catch22"
"41_Beef",2,"MD_hrv_classic_pnn40",0.221748400852878,"catch22"
"41_Beef",2,"SB_BinaryStats_mean_longstretch1",104,"catch22"
"41_Beef",2,"SB_TransitionMatrix_3ac_sumdiagcov",0.0462962962962963,"catch22"
"41_Beef",2,"PD_PeriodicityWang_th0_01",140,"catch22"
"41_Beef",2,"CO_Embed2_Dist_tau_d_expfit_meandiff",2.51837331518131,"catch22"
"41_Beef",2,"IN_AutoMutualInfoStats_40_gaussian_fmmi",40,"catch22"
"41_Beef",2,"FC_LocalSimple_mean1_tauresrat",0.246376811594203,"catch22"
"41_Beef",2,"DN_OutlierInclude_p_001_mdrmd",0.370212765957447,"catch22"
"41_Beef",2,"DN_OutlierInclude_n_001_mdrmd",0.787234042553191,"catch22"
"41_Beef",2,"SP_Summaries_welch_rect_area_5_1",0.994251252064078,"catch22"
"41_Beef",2,"SB_BinaryStats_diff_longstretch0",33,"catch22"
"41_Beef",2,"SB_MotifThree_quantile_hh",1.28613127629958,"catch22"
"41_Beef",2,"SC_FluctAnal_2_rsrangefit_50_1_logi_prop_r1",0.41304347826087,"catch22"
"41_Beef",2,"SC_FluctAnal_2_dfa_50_1_2_logi_prop_r1",0.217391304347826,"catch22"
"41_Beef",2,"SP_Summaries_welch_rect_centroid",0.0245436926061719,"catch22"
"41_Beef",2,"FC_LocalSimple_mean3_stderr",0.0893477704166276,"catch22"
"41_Beef",2,"DN_Mean",4.3617033814512e-10,"catch22"
"41_Beef",2,"DN_Spread_Std",0.999999998196535,"catch22"
"42_Beef",2,"DN_HistogramMode_5",-0.317196620263356,"catch22"
"42_Beef",2,"DN_HistogramMode_10",-0.0969471403279164,"catch22"
"42_Beef",2,"CO_f1ecac",43.4423078581085,"catch22"
"42_Beef",2,"CO_FirstMin_ac",111,"catch22"
"42_Beef",2,"CO_HistogramAMI_even_2_5",1.06763665308319,"catch22"
"42_Beef",2,"CO_trev_1_num",-0.000177706169365661,"catch22"
"42_Beef",2,"MD_hrv_classic_pnn40",0.208955223880597,"catch22"
"42_Beef",2,"SB_BinaryStats_mean_longstretch1",105,"catch22"
"42_Beef",2,"SB_TransitionMatrix_3ac_sumdiagcov",0.0340136054421769,"catch22"
"42_Beef",2,"PD_PeriodicityWang_th0_01",133,"catch22"
"42_Beef",2,"CO_Embed2_Dist_tau_d_expfit_meandiff",3.38073558522508,"catch22"
"42_Beef",2,"IN_AutoMutualInfoStats_40_gaussian_fmmi",40,"catch22"
"42_Beef",2,"FC_LocalSimple_mean1_tauresrat",0.272727272727273,"catch22"
"42_Beef",2,"DN_OutlierInclude_p_001_mdrmd",0.38936170212766,"catch22"
"42_Beef",2,"DN_OutlierInclude_n_001_mdrmd",0.801063829787234,"catch22"
"42_Beef",2,"SP_Summaries_welch_rect_area_5_1",0.994543373426682,"catch22"
"42_Beef",2,"SB_BinaryStats_diff_longstretch0",34,"catch22"
"42_Beef",2,"SB_MotifThree_quantile_hh",1.28698993359386,"catch22"
"42_Beef",2,"SC_FluctAnal_2_rsrangefit_50_1_logi_prop_r1",0.41304347826087,"catch22"
"42_Beef",2,"SC_FluctAnal_2_dfa_50_1_2_logi_prop_r1",0.130434782608696,"catch22"
"42_Beef",2,"SP_Summaries_welch_rect_centroid",0.0245436926061719,"catch22"
"42_Beef",2,"FC_LocalSimple_mean3_stderr",0.086451154564328,"catch22"
"42_Beef",2,"DN_Mean",3.5633396422666e-10,"catch22"
"42_Beef",2,"DN_Spread_Std",1.00000000029312,"catch22"
"43_Beef",3,"DN_HistogramMode_5",0.273876549961423,"catch22"
"43_Beef",3,"DN_HistogramMode_10",0.0518357950162442,"catch22"
"43_Beef",3,"CO_f1ecac",44.1097985719091,"catch22"
"43_Beef",3,"CO_FirstMin_ac",122,"catch22"
"43_Beef",3,"CO_HistogramAMI_even_2_5",0.985900611730079,"catch22"
"43_Beef",3,"CO_trev_1_num",-0.000628774670100607,"catch22"
"43_Beef",3,"MD_hrv_classic_pnn40",0.317697228144989,"catch22"
"43_Beef",3,"SB_BinaryStats_mean_longstretch1",125,"catch22"
"43_Beef",3,"SB_TransitionMatrix_3ac_sumdiagcov",0.0136054421768707,"catch22"
"43_Beef",3,"PD_PeriodicityWang_th0_01",120,"catch22"
"43_Beef",3,"CO_Embed2_Dist_tau_d_expfit_meandiff",2.44519666418778,"catch22"
"43_Beef",3,"IN_AutoMutualInfoStats_40_gaussian_fmmi",40,"catch22"
"43_Beef",3,"FC_LocalSimple_mean1_tauresrat",0.166666666666667,"catch22"
"43_Beef",3,"DN_OutlierInclude_p_001_mdrmd",0.41063829787234,"catch22"
"43_Beef",3,"DN_OutlierInclude_n_001_mdrmd",0.840425531914894,"catch22"
"43_Beef",3,"SP_Summaries_welch_rect_area_5_1",0.992477675863841,"catch22"
"43_Beef",3,"SB_BinaryStats_diff_longstretch0",20,"catch22"
"43_Beef",3,"SB_MotifThree_quantile_hh",1.31508061093261,"catch22"
"43_Beef",3,"SC_FluctAnal_2_rsrangefit_50_1_logi_prop_r1",0.195652173913043,"catch22"
"43_Beef",3,"SC_FluctAnal_2_dfa_50_1_2_logi_prop_r1",0.826086956521739,"catch22"
"43_Beef",3,"SP_Summaries_welch_rect_centroid",0.0245436926061719,"catch22"
"43_Beef",3,"FC_LocalSimple_mean3_stderr",0.126736106214496,"catch22"
"43_Beef",3,"DN_Mean",-2.90424700836863e-11,"catch22"
"43_Beef",3,"DN_Spread_Std",1.0000000002469,"catch22"
"44_Beef",3,"DN_HistogramMode_5",-0.31179347998505,"catch22"
"44_Beef",3,"DN_HistogramMode_10",-0.0963467598170753,"catch22"
"44_Beef",3,"CO_f1ecac",43.6012815514263,"catch22"
"44_Beef",3,"CO_FirstMin_ac",112,"catch22"
"44_Beef",3,"CO_HistogramAMI_even_2_5",1.17619556352974,"catch22"
"44_Beef",3,"CO_trev_1_num",-9.42741005221044e-05,"catch22"
"44_Beef",3,"MD_hrv_classic_pnn40",0.17910447761194,"catch22"
"44_Beef",3,"SB_BinaryStats_mean_longstretch1",106,"catch22"
"44_Beef",3,"SB_TransitionMatrix_3ac_sumdiagcov",0.0340136054421769,"catch22"
"44_Beef",3,"PD_PeriodicityWang_th0_01",134,"catch22"
"44_Beef",3,"CO_Embed2_Dist_tau_d_expfit_meandiff",3.89681532699616,"catch22"
"44_Beef",3,"IN_AutoMutualInfoStats_40_gaussian_fmmi",40,"catch22"
"44_Beef",3,"FC_LocalSimple_mean1_tauresrat",0.318181818181818,"catch22"
"44_Beef",3,"DN_OutlierInclude_p_001_mdrmd",0.384042553191489,"catch22"
"44_Beef",3,"DN_OutlierInclude_n_001_mdrmd",0.793617021276596,"catch22"
"44_Beef",3,"SP_Summaries_welch_rect_area_5_1",0.994900759063427,"catch22"
"44_Beef",3,"SB_BinaryStats_diff_longstretch0",45,"catch22"
"44_Beef",3,"SB_MotifThree_quantile_hh",1.27204289296255,"catch22"
"44_Beef",3,"SC_FluctAnal_2_rsrangefit_50_1_logi_prop_r1",0.41304347826087,"catch22"
"44_Beef",3,"SC_FluctAnal_2_dfa_50_1_2_logi_prop_r1",0.217391304347826,"catch22"
"44_Beef",3,"SP_Summaries_welch_rect_centroid",0.0245436926061719,"catch22"
"44_Beef",3,"FC_LocalSimple_mean3_stderr",0.0788342430595188,"catch22"
"44_Beef",3,"DN_Mean",-2.58042718162366e-10,"catch22"
"44_Beef",3,"DN_Spread_Std",0.99999999922034,"catch22"
"45_Beef",3,"DN_HistogramMode_5",0.200606849604051,"catch22"
"45_Beef",3,"DN_HistogramMode_10",-0.0162665054205698,"catch22"
"45_Beef",3,"CO_f1ecac",44.5565823534618,"catch22"
"45_Beef",3,"CO_FirstMin_ac",121,"catch22"
"45_Beef",3,"CO_HistogramAMI_even_2_5",0.995424186096993,"catch22"
"45_Beef",3,"CO_trev_1_num",-0.00044774855975221,"catch22"
"45_Beef",3,"MD_hrv_classic_pnn40",0.287846481876333,"catch22"
"45_Beef",3,"SB_BinaryStats_mean_longstretch1",130,"catch22"
"45_Beef",3,"SB_TransitionMatrix_3ac_sumdiagcov",0.00680272108843537,"catch22"
"45_Beef",3,"PD_PeriodicityWang_th0_01",121,"catch22"
"45_Beef",3,"CO_Embed2_Dist_tau_d_expfit_meandiff",2.7626639071613,"catch22"
"45_Beef",3,"IN_AutoMutualInfoStats_40_gaussian_fmmi",40,"catch22"
"45_Beef",3,"FC_LocalSimple_mean1_tauresrat",0.166666666666667,"catch22"
"45_Beef",3,"DN_OutlierInclude_p_001_mdrmd",0.412765957446809,"catch22"
"45_Beef",3,"DN_OutlierInclude_n_001_mdrmd",0.84468085106383,"catch22"
"45_Beef",3,"SP_Summaries_welch_rect_area_5_1",0.993036457265458,"catch22"
"45_Beef",3,"SB_BinaryStats_diff_longstretch0",24,"catch22"
"45_Beef",3,"SB_MotifThree_quantile_hh",1.34165560415366,"catch22"
"45_Beef",3,"SC_FluctAnal_2_rsrangefit_50_1_logi_prop_r1",0.195652173913043,"catch22"
"45_Beef",3,"SC_FluctAnal_2_dfa_50_1_2_logi_prop_r1",0.826086956521739,"catch22"
"45_Beef",3,"SP_Summaries_welch_rect_centroid",0.0245436926061719,"catch22"
"45_Beef",3,"FC_LocalSimple_mean3_stderr",0.11898789119561,"catch22"
"45_Beef",3,"DN_Mean",4.18723130400379e-10,"catch22"
"45_Beef",3,"DN_Spread_Std",0.999999999886472,"catch22"
"46_Beef",3,"DN_HistogramMode_5",0.366330752481115,"catch22"
"46_Beef",3,"DN_HistogramMode_10",0.142853516896222,"catch22"
"46_Beef",3,"CO_f1ecac",43.7200308647272,"catch22"
"46_Beef",3,"CO_FirstMin_ac",116,"catch22"
"46_Beef",3,"CO_HistogramAMI_even_2_5",1.04043569650555,"catch22"
"46_Beef",3,"CO_trev_1_num",-0.000271609945378612,"catch22"
"46_Beef",3,"MD_hrv_classic_pnn40",0.257995735607676,"catch22"
"46_Beef",3,"SB_BinaryStats_mean_longstretch1",127,"catch22"
"46_Beef",3,"SB_TransitionMatrix_3ac_sumdiagcov",0.00680272108843537,"catch22"
"46_Beef",3,"PD_PeriodicityWang_th0_01",125,"catch22"
"46_Beef",3,"CO_Embed2_Dist_tau_d_expfit_meandiff",3.13425134409229,"catch22"
"46_Beef",3,"IN_AutoMutualInfoStats_40_gaussian_fmmi",40,"catch22"
"46_Beef",3,"FC_LocalSimple_mean1_tauresrat",0.215384615384615,"catch22"
"46_Beef",3,"DN_OutlierInclude_p_001_mdrmd",0.412765957446809,"catch22"
"46_Beef",3,"DN_OutlierInclude_n_001_mdrmd",0.83936170212766,"catch22"
"46_Beef",3,"SP_Summaries_welch_rect_area_5_1",0.993585870894579,"catch22"
"46_Beef",3,"SB_BinaryStats_diff_longstretch0",33,"catch22"
"46_Beef",3,"SB_MotifThree_quantile_hh",1.29397672861568,"catch22"
"46_Beef",3,"SC_FluctAnal_2_rsrangefit_50_1_logi_prop_r1",0.239130434782609,"catch22"
"46_Beef",3,"SC_FluctAnal_2_dfa_50_1_2_logi_prop_r1",0.826086956521739,"catch22"
"46_Beef",3,"SP_Summaries_welch_rect_centroid",0.0245436926061719,"catch22"
"46_Beef",3,"FC_LocalSimple_mean3_stderr",0.101883122610173,"catch22"
"46_Beef",3,"DN_Mean",-1.52234019669199e-09,"catch22"
"46_Beef",3,"DN_Spread_Std",0.999999997382762,"catch22"
"47_Beef",3,"DN_HistogramMode_5",-0.207504738400941,"catch22"
"47_Beef",3,"DN_HistogramMode_10",0.0179767710136928,"catch22"
"47_Beef",3,"CO_f1ecac",41.3824286193189,"catch22"
"47_Beef",3,"CO_FirstMin_ac",109,"catch22"
"47_Beef",3,"CO_HistogramAMI_even_2_5",1.02697749346896,"catch22"
"47_Beef",3,"CO_trev_1_num",-0.00024041011200968,"catch22"
"47_Beef",3,"MD_hrv_classic_pnn40",0.198294243070362,"catch22"
"47_Beef",3,"SB_BinaryStats_mean_longstretch1",104,"catch22"
"47_Beef",3,"SB_TransitionMatrix_3ac_sumdiagcov",0.0136054421768707,"catch22"
"47_Beef",3,"PD_PeriodicityWang_th0_01",133,"catch22"
"47_Beef",3,"CO_Embed2_Dist_tau_d_expfit_meandiff",2.7693554615328,"catch22"
"47_Beef",3,"IN_AutoMutualInfoStats_40_gaussian_fmmi",40,"catch22"
"47_Beef",3,"FC_LocalSimple_mean1_tauresrat",0.328125,"catch22"
"47_Beef",3,"DN_OutlierInclude_p_001_mdrmd",0.414893617021277,"catch22"
"47_Beef",3,"DN_OutlierInclude_n_001_mdrmd",0.8,"catch22"
"47_Beef",3,"SP_Summaries_welch_rect_area_5_1",0.994655075268581,"catch22"
"47_Beef",3,"SB_BinaryStats_diff_longstretch0",34,"catch22"
"47_Beef",3,"SB_MotifThree_quantile_hh",1.29397672861568,"catch22"
"47_Beef",3,"SC_FluctAnal_2_rsrangefit_50_1_logi_prop_r1",0.41304347826087,"catch22"
"47_Beef",3,"SC_FluctAnal_2_dfa_50_1_2_logi_prop_r1",0.217391304347826,"catch22"
"47_Beef",3,"SP_Summaries_welch_rect_centroid",0.0245436926061719,"catch22"
"47_Beef",3,"FC_LocalSimple_mean3_stderr",0.0841582065713381,"catch22"
"47_Beef",3,"DN_Mean",-1.0603616684465e-09,"catch22"
"47_Beef",3,"DN_Spread_Std",1.00000000259607,"catch22"
"48_Beef",3,"DN_HistogramMode_5",-0.283910629639119,"catch22"
"48_Beef",3,"DN_HistogramMode_10",-0.061414534667989,"catch22"
"48_Beef",3,"CO_f1ecac",42.7790464705795,"catch22"
"48_Beef",3,"CO_FirstMin_ac",111,"catch22"
"48_Beef",3,"CO_HistogramAMI_even_2_5",1.08250821202124,"catch22"
"48_Beef",3,"CO_trev_1_num",-0.000141889710673205,"catch22"
"48_Beef",3,"MD_hrv_classic_pnn40",0.194029850746269,"catch22"
"48_Beef",3,"SB_BinaryStats_mean_longstretch1",104,"catch22"
"48_Beef",3,"SB_TransitionMatrix_3ac_sumdiagcov",0.0340136054421769,"catch22"
"48_Beef",3,"PD_PeriodicityWang_th0_01",131,"catch22"
"48_Beef",3,"CO_Embed2_Dist_tau_d_expfit_meandiff",3.11365335597124,"catch22"
"48_Beef",3,"IN_AutoMutualInfoStats_40_gaussian_fmmi",40,"catch22"
"48_Beef",3,"FC_LocalSimple_mean1_tauresrat",0.276923076923077,"catch22"
"48_Beef",3,"DN_OutlierInclude_p_001_mdrmd",0.408510638297872,"catch22"
"48_Beef",3,"DN_OutlierInclude_n_001_mdrmd",0.802127659574468,"catch22"
"48_Beef",3,"SP_Summaries_welch_rect_area_5_1",0.994770116856703,"catch22"
"48_Beef",3,"SB_BinaryStats_diff_longstretch0",37,"catch22"
"48_Beef",3,"SB_MotifThree_quantile_hh",1.25601788461874,"catch22"
"48_Beef",3,"SC_FluctAnal_2_rsrangefit_50_1_logi_prop_r1",0.41304347826087,"catch22"
"48_Beef",3,"SC_FluctAnal_2_dfa_50_1_2_logi_prop_r1",0.130434782608696,"catch22"
"48_Beef",3,"SP_Summaries_welch_rect_centroid",0.0245436926061719,"catch22"
"48_Beef",3,"FC_LocalSimple_mean3_stderr",0.083057120726409,"catch22"
"48_Beef",3,"DN_Mean",-3.24042290400033e-10,"catch22"
"48_Beef",3,"DN_Spread_Std",1.00000000012976,"catch22"
"49_Beef",4,"DN_HistogramMode_5",0.0900966009789461,"catch22"
"49_Beef",4,"DN_HistogramMode_10",0.297604751305333,"catch22"
"49_Beef",4,"CO_f1ecac",50.1512283063259,"catch22"
"49_Beef",4,"CO_FirstMin_ac",125,"catch22"
"49_Beef",4,"CO_HistogramAMI_even_2_5",1.00377344655563,"catch22"
"49_Beef",4,"CO_trev_1_num",-0.000144933052558522,"catch22"
"49_Beef",4,"MD_hrv_classic_pnn40",0.311300639658849,"catch22"
"49_Beef",4,"SB_BinaryStats_mean_longstretch1",142,"catch22"
"49_Beef",4,"SB_TransitionMatrix_3ac_sumdiagcov",0.0185185185185185,"catch22"
"49_Beef",4,"PD_PeriodicityWang_th0_01",0,"catch22"
"49_Beef",4,"CO_Embed2_Dist_tau_d_expfit_meandiff",3.27895254729023,"catch22"
"49_Beef",4,"IN_AutoMutualInfoStats_40_gaussian_fmmi",40,"catch22"
"49_Beef",4,"FC_LocalSimple_mean1_tauresrat",0.154929577464789,"catch22"
"49_Beef",4,"DN_OutlierInclude_p_001_mdrmd",0.376595744680851,"catch22"
"49_Beef",4,"DN_OutlierInclude_n_001_mdrmd",0.817021276595745,"catch22"
"49_Beef",4,"SP_Summaries_welch_rect_area_5_1",0.993198446729181,"catch22"
"49_Beef",4,"SB_BinaryStats_diff_longstretch0",36,"catch22"
"49_Beef",4,"SB_MotifThree_quantile_hh",1.28698993359386,"catch22"
"49_Beef",4,"SC_FluctAnal_2_rsrangefit_50_1_logi_prop_r1",0.217391304347826,"catch22"
"49_Beef",4,"SC_FluctAnal_2_dfa_50_1_2_logi_prop_r1",0.826086956521739,"catch22"
"49_Beef",4,"SP_Summaries_welch_rect_centroid",0.0245436926061719,"catch22"
"49_Beef",4,"FC_LocalSimple_mean3_stderr",0.111595663572288,"catch22"
"49_Beef",4,"DN_Mean",-8.37234260643376e-10,"catch22"
"49_Beef",4,"DN_Spread_Std",0.999999998427115,"catch22"
"50_Beef",4,"DN_HistogramMode_5",0.43999884950653,"catch22"
"50_Beef",4,"DN_HistogramMode_10",0.222880684863864,"catch22"
"50_Beef",4,"CO_f1ecac",44.789958525723,"catch22"
"50_Beef",4,"CO_FirstMin_ac",114,"catch22"
"50_Beef",4,"CO_HistogramAMI_even_2_5",1.09211371419161,"catch22"
"50_Beef",4,"CO_trev_1_num",-0.000270740034312377,"catch22"
"50_Beef",4,"MD_hrv_classic_pnn40",0.226012793176972,"catch22"
"50_Beef",4,"SB_BinaryStats_mean_longstretch1",104,"catch22"
"50_Beef",4,"SB_TransitionMatrix_3ac_sumdiagcov",0.0462962962962963,"catch22"
"50_Beef",4,"PD_PeriodicityWang_th0_01",134,"catch22"
"50_Beef",4,"CO_Embed2_Dist_tau_d_expfit_meandiff",2.79958461787236,"catch22"
"50_Beef",4,"IN_AutoMutualInfoStats_40_gaussian_fmmi",40,"catch22"
"50_Beef",4,"FC_LocalSimple_mean1_tauresrat",0.264705882352941,"catch22"
"50_Beef",4,"DN_OutlierInclude_p_001_mdrmd",0.380851063829787,"catch22"
"50_Beef",4,"DN_OutlierInclude_n_001_mdrmd",0.787234042553191,"catch22"
"50_Beef",4,"SP_Summaries_welch_rect_area_5_1",0.994010738793463,"catch22"
"50_Beef",4,"SB_BinaryStats_diff_longstretch0",33,"catch22"
"50_Beef",4,"SB_MotifThree_quantile_hh",1.32836845546205,"catch22"
"50_Beef",4,"SC_FluctAnal_2_rsrangefit_50_1_logi_prop_r1",0.41304347826087,"catch22"
"50_Beef",4,"SC_FluctAnal_2_dfa_50_1_2_logi_prop_r1",0.130434782608696,"catch22"
"50_Beef",4,"SP_Summaries_welch_rect_centroid",0.0245436926061719,"catch22"
"50_Beef",4,"FC_LocalSimple_mean3_stderr",0.0892582076661036,"catch22"
"50_Beef",4,"DN_Mean",-2.30680753458923e-10,"catch22"
"50_Beef",4,"DN_Spread_Std",1.0000000016458,"catch22"
"51_Beef",4,"DN_HistogramMode_5",-0.0196310492334583,"catch22"
"51_Beef",4,"DN_HistogramMode_10",0.587315674562419,"catch22"
"51_Beef",4,"CO_f1ecac",50.069774927548,"catch22"
"51_Beef",4,"CO_FirstMin_ac",126,"catch22"
"51_Beef",4,"CO_HistogramAMI_even_2_5",1.01795654018746,"catch22"
"51_Beef",4,"CO_trev_1_num",-0.000527795614992187,"catch22"
"51_Beef",4,"MD_hrv_classic_pnn40",0.326226012793177,"catch22"
"51_Beef",4,"SB_BinaryStats_mean_longstretch1",145,"catch22"
"51_Beef",4,"SB_TransitionMatrix_3ac_sumdiagcov",0.0462962962962963,"catch22"
"51_Beef",4,"PD_PeriodicityWang_th0_01",48,"catch22"
"51_Beef",4,"CO_Embed2_Dist_tau_d_expfit_meandiff",2.40429605080972,"catch22"
"51_Beef",4,"IN_AutoMutualInfoStats_40_gaussian_fmmi",40,"catch22"
"51_Beef",4,"FC_LocalSimple_mean1_tauresrat",0.140845070422535,"catch22"
"51_Beef",4,"DN_OutlierInclude_p_001_mdrmd",0.246808510638298,"catch22"
"51_Beef",4,"DN_OutlierInclude_n_001_mdrmd",0.825531914893617,"catch22"
"51_Beef",4,"SP_Summaries_welch_rect_area_5_1",0.992490594329739,"catch22"
"51_Beef",4,"SB_BinaryStats_diff_longstretch0",33,"catch22"
"51_Beef",4,"SB_MotifThree_quantile_hh",1.34608335439712,"catch22"
"51_Beef",4,"SC_FluctAnal_2_rsrangefit_50_1_logi_prop_r1",0.217391304347826,"catch22"
"51_Beef",4,"SC_FluctAnal_2_dfa_50_1_2_logi_prop_r1",0.152173913043478,"catch22"
"51_Beef",4,"SP_Summaries_welch_rect_centroid",0.0245436926061719,"catch22"
"51_Beef",4,"FC_LocalSimple_mean3_stderr",0.132042198192782,"catch22"
"51_Beef",4,"DN_Mean",-7.27595744410671e-10,"catch22"
"51_Beef",4,"DN_Spread_Std",1.0000000019839,"catch22"
"52_Beef",4,"DN_HistogramMode_5",0.303147699301457,"catch22"
"52_Beef",4,"DN_HistogramMode_10",0.0808681495180202,"catch22"
"52_Beef",4,"CO_f1ecac",43.922410188826,"catch22"
"52_Beef",4,"CO_FirstMin_ac",117,"catch22"
"52_Beef",4,"CO_HistogramAMI_even_2_5",0.959290172796346,"catch22"
"52_Beef",4,"CO_trev_1_num",-0.000421011053475796,"catch22"
"52_Beef",4,"MD_hrv_classic_pnn40",0.29637526652452,"catch22"
"52_Beef",4,"SB_BinaryStats_mean_longstretch1",136,"catch22"
"52_Beef",4,"SB_TransitionMatrix_3ac_sumdiagcov",0.00680272108843537,"catch22"
"52_Beef",4,"PD_PeriodicityWang_th0_01",124,"catch22"
"52_Beef",4,"CO_Embed2_Dist_tau_d_expfit_meandiff",2.52434018972839,"catch22"
"52_Beef",4,"IN_AutoMutualInfoStats_40_gaussian_fmmi",40,"catch22"
"52_Beef",4,"FC_LocalSimple_mean1_tauresrat",0.181818181818182,"catch22"
"52_Beef",4,"DN_OutlierInclude_p_001_mdrmd",0.412765957446809,"catch22"
"52_Beef",4,"DN_OutlierInclude_n_001_mdrmd",0.835106382978723,"catch22"
"52_Beef",4,"SP_Summaries_welch_rect_area_5_1",0.993119344772786,"catch22"
"52_Beef",4,"SB_BinaryStats_diff_longstretch0",28,"catch22"
"52_Beef",4,"SB_MotifThree_quantile_hh",1.26300582495636,"catch22"
"52_Beef",4,"SC_FluctAnal_2_rsrangefit_50_1_logi_prop_r1",0.239130434782609,"catch22"
"52_Beef",4,"SC_FluctAnal_2_dfa_50_1_2_logi_prop_r1",0.826086956521739,"catch22"
"52_Beef",4,"SP_Summaries_welch_rect_centroid",0.0245436926061719,"catch22"
"52_Beef",4,"FC_LocalSimple_mean3_stderr",0.10851517587875,"catch22"
"52_Beef",4,"DN_Mean",4.03191452329051e-10,"catch22"
"52_Beef",4,"DN_Spread_Std",1.00000000097428,"catch22"
"53_Beef",4,"DN_HistogramMode_5",-0.35217906044305,"catch22"
"53_Beef",4,"DN_HistogramMode_10",-0.134921069910939,"catch22"
"53_Beef",4,"CO_f1ecac",42.5028289549885,"catch22"
"53_Beef",4,"CO_FirstMin_ac",111,"catch22"
"53_Beef",4,"CO_HistogramAMI_even_2_5",1.14987006763283,"catch22"
"53_Beef",4,"CO_trev_1_num",-0.000195779247345657,"catch22"
"53_Beef",4,"MD_hrv_classic_pnn40",0.198294243070362,"catch22"
"53_Beef",4,"SB_BinaryStats_mean_longstretch1",101,"catch22"
"53_Beef",4,"SB_TransitionMatrix_3ac_sumdiagcov",0.0340136054421769,"catch22"
"53_Beef",4,"PD_PeriodicityWang_th0_01",133,"catch22"
"53_Beef",4,"CO_Embed2_Dist_tau_d_expfit_meandiff",3.07512611036543,"catch22"
"53_Beef",4,"IN_AutoMutualInfoStats_40_gaussian_fmmi",40,"catch22"
"53_Beef",4,"FC_LocalSimple_mean1_tauresrat",0.272727272727273,"catch22"
"53_Beef",4,"DN_OutlierInclude_p_001_mdrmd",0.38936170212766,"catch22"
"53_Beef",4,"DN_OutlierInclude_n_001_mdrmd",0.793617021276596,"catch22"
"53_Beef",4,"SP_Summaries_welch_rect_area_5_1",0.994508115816321,"catch22"
"53_Beef",4,"SB_BinaryStats_diff_longstretch0",33,"catch22"
"53_Beef",4,"SB_MotifThree_quantile_hh",1.26454060790521,"catch22"
"53_Beef",4,"SC_FluctAnal_2_rsrangefit_50_1_logi_prop_r1",0.41304347826087,"catch22"
"53_Beef",4,"SC_FluctAnal_2_dfa_50_1_2_logi_prop_r1",0.826086956521739,"catch22"
"53_Beef",4,"SP_Summaries_welch_rect_centroid",0.0245436926061719,"catch22"
"53_Beef",4,"FC_LocalSimple_mean3_stderr",0.0858571961330819,"catch22"
"53_Beef",4,"DN_Mean",-4.19510952217618e-10,"catch22"
"53_Beef",4,"DN_Spread_Std",0.999999997550788,"catch22"
"54_Beef",4,"DN_HistogramMode_5",0.423426499850737,"catch22"
"54_Beef",4,"DN_HistogramMode_10",0.206131759241638,"catch22"
"54_Beef",4,"CO_f1ecac",44.9275716023476,"catch22"
"54_Beef",4,"CO_FirstMin_ac",115,"catch22"
"54_Beef",4,"CO_HistogramAMI_even_2_5",1.092718345259,"catch22"
"54_Beef",4,"CO_trev_1_num",-0.000152951753506127,"catch22"
"54_Beef",4,"MD_hrv_classic_pnn40",0.226012793176972,"catch22"
"54_Beef",4,"SB_BinaryStats_mean_longstretch1",101,"catch22"
"54_Beef",4,"SB_TransitionMatrix_3ac_sumdiagcov",0.0462962962962963,"catch22"
"54_Beef",4,"PD_PeriodicityWang_th0_01",134,"catch22"
"54_Beef",4,"CO_Embed2_Dist_tau_d_expfit_meandiff",3.29756243088606,"catch22"
"54_Beef",4,"IN_AutoMutualInfoStats_40_gaussian_fmmi",40,"catch22"
"54_Beef",4,"FC_LocalSimple_mean1_tauresrat",0.25,"catch22"
"54_Beef",4,"DN_OutlierInclude_p_001_mdrmd",0.385106382978723,"catch22"
"54_Beef",4,"DN_OutlierInclude_n_001_mdrmd",0.8,"catch22"
"54_Beef",4,"SP_Summaries_welch_rect_area_5_1",0.994204213160328,"catch22"
"54_Beef",4,"SB_BinaryStats_diff_longstretch0",33,"catch22"
"54_Beef",4,"SB_MotifThree_quantile_hh",1.30104968502588,"catch22"
"54_Beef",4,"SC_FluctAnal_2_rsrangefit_50_1_logi_prop_r1",0.41304347826087,"catch22"
"54_Beef",4,"SC_FluctAnal_2_dfa_50_1_2_logi_prop_r1",0.130434782608696,"catch22"
"54_Beef",4,"SP_Summaries_welch_rect_centroid",0.0245436926061719,"catch22"
"54_Beef",4,"FC_LocalSimple_mean3_stderr",0.0906720926743449,"catch22"
"54_Beef",4,"DN_Mean",1.33617030678594e-09,"catch22"
"54_Beef",4,"DN_Spread_Std",0.9999999971969,"catch22"
"55_Beef",5,"DN_HistogramMode_5",0.48760074993027,"catch22"
"55_Beef",5,"DN_HistogramMode_10",-0.201128765708916,"catch22"
"55_Beef",5,"CO_f1ecac",41.372969812368,"catch22"
"55_Beef",5,"CO_FirstMin_ac",116,"catch22"
"55_Beef",5,"CO_HistogramAMI_even_2_5",1.07257424287825,"catch22"
"55_Beef",5,"CO_trev_1_num",-0.00015735656224191,"catch22"
"55_Beef",5,"MD_hrv_classic_pnn40",0.255863539445629,"catch22"
"55_Beef",5,"SB_BinaryStats_mean_longstretch1",110,"catch22"
"55_Beef",5,"SB_TransitionMatrix_3ac_sumdiagcov",0.0136054421768707,"catch22"
"55_Beef",5,"PD_PeriodicityWang_th0_01",124,"catch22"
"55_Beef",5,"CO_Embed2_Dist_tau_d_expfit_meandiff",3.06562824444741,"catch22"
"55_Beef",5,"IN_AutoMutualInfoStats_40_gaussian_fmmi",40,"catch22"
"55_Beef",5,"FC_LocalSimple_mean1_tauresrat",0.206349206349206,"catch22"
"55_Beef",5,"DN_OutlierInclude_p_001_mdrmd",0.423404255319149,"catch22"
"55_Beef",5,"DN_OutlierInclude_n_001_mdrmd",0.848936170212766,"catch22"
"55_Beef",5,"SP_Summaries_welch_rect_area_5_1",0.994131556206851,"catch22"
"55_Beef",5,"SB_BinaryStats_diff_longstretch0",41,"catch22"
"55_Beef",5,"SB_MotifThree_quantile_hh",1.31436655133849,"catch22"
"55_Beef",5,"SC_FluctAnal_2_rsrangefit_50_1_logi_prop_r1",0.347826086956522,"catch22"
"55_Beef",5,"SC_FluctAnal_2_dfa_50_1_2_logi_prop_r1",0.826086956521739,"catch22"
"55_Beef",5,"SP_Summaries_welch_rect_centroid",0.0245436926061719,"catch22"
"55_Beef",5,"FC_LocalSimple_mean3_stderr",0.11062356218938,"catch22"
"55_Beef",5,"DN_Mean",5.22255291495236e-10,"catch22"
"55_Beef",5,"DN_Spread_Std",0.999999999071933,"catch22"
"56_Beef",5,"DN_HistogramMode_5",-0.25543500987684,"catch22"
"56_Beef",5,"DN_HistogramMode_10",-0.0280699943792028,"catch22"
"56_Beef",5,"CO_f1ecac",41.8599103314028,"catch22"
"56_Beef",5,"CO_FirstMin_ac",110,"catch22"
"56_Beef",5,"CO_HistogramAMI_even_2_5",0.947738259510945,"catch22"
"56_Beef",5,"CO_trev_1_num",-0.000145038399699225,"catch22"
"56_Beef",5,"MD_hrv_classic_pnn40",0.191897654584222,"catch22"
"56_Beef",5,"SB_BinaryStats_mean_longstretch1",105,"catch22"
"56_Beef",5,"SB_TransitionMatrix_3ac_sumdiagcov",0.0136054421768707,"catch22"
"56_Beef",5,"PD_PeriodicityWang_th0_01",131,"catch22"
"56_Beef",5,"CO_Embed2_Dist_tau_d_expfit_meandiff",3.43324358895059,"catch22"
"56_Beef",5,"IN_AutoMutualInfoStats_40_gaussian_fmmi",40,"catch22"
"56_Beef",5,"FC_LocalSimple_mean1_tauresrat",0.3125,"catch22"
"56_Beef",5,"DN_OutlierInclude_p_001_mdrmd",0.419148936170213,"catch22"
"56_Beef",5,"DN_OutlierInclude_n_001_mdrmd",0.814893617021277,"catch22"
"56_Beef",5,"SP_Summaries_welch_rect_area_5_1",0.994763868209119,"catch22"
"56_Beef",5,"SB_BinaryStats_diff_longstretch0",37,"catch22"
"56_Beef",5,"SB_MotifThree_quantile_hh",1.27205692067007,"catch22"
"56_Beef",5,"SC_FluctAnal_2_rsrangefit_50_1_logi_prop_r1",0.41304347826087,"catch22"
"56_Beef",5,"SC_FluctAnal_2_dfa_50_1_2_logi_prop_r1",0.130434782608696,"catch22"
"56_Beef",5,"SP_Summaries_welch_rect_centroid",0.0245436926061719,"catch22"
"56_Beef",5,"FC_LocalSimple_mean3_stderr",0.0831327908565479,"catch22"
"56_Beef",5,"DN_Mean",-6.82234179315495e-10,"catch22"
"56_Beef",5,"DN_Spread_Std",0.999999997811287,"catch22"
"57_Beef",5,"DN_HistogramMode_5",0.00201304890878029,"catch22"
"57_Beef",5,"DN_HistogramMode_10",-0.200676956439717,"catch22"
"57_Beef",5,"CO_f1ecac",42.1812272694652,"catch22"
"57_Beef",5,"CO_FirstMin_ac",79,"catch22"
"57_Beef",5,"CO_HistogramAMI_even_2_5",1.00673316991128,"catch22"
"57_Beef",5,"CO_trev_1_num",-0.000541969153321454,"catch22"
"57_Beef",5,"MD_hrv_classic_pnn40",0.330490405117271,"catch22"
"57_Beef",5,"SB_BinaryStats_mean_longstretch1",127,"catch22"
"57_Beef",5,"SB_TransitionMatrix_3ac_sumdiagcov",0.0748299319727891,"catch22"
"57_Beef",5,"PD_PeriodicityWang_th0_01",49,"catch22"
"57_Beef",5,"CO_Embed2_Dist_tau_d_expfit_meandiff",1.85027174960298,"catch22"
"57_Beef",5,"IN_AutoMutualInfoStats_40_gaussian_fmmi",40,"catch22"
"57_Beef",5,"FC_LocalSimple_mean1_tauresrat",0.121212121212121,"catch22"
"57_Beef",5,"DN_OutlierInclude_p_001_mdrmd",0.387234042553191,"catch22"
"57_Beef",5,"DN_OutlierInclude_n_001_mdrmd",0.851063829787234,"catch22"
"57_Beef",5,"SP_Summaries_welch_rect_area_5_1",0.993207073048015,"catch22"
"57_Beef",5,"SB_BinaryStats_diff_longstretch0",40,"catch22"
"57_Beef",5,"SB_MotifThree_quantile_hh",1.32836845546205,"catch22"
"57_Beef",5,"SC_FluctAnal_2_rsrangefit_50_1_logi_prop_r1",0.347826086956522,"catch22"
"57_Beef",5,"SC_FluctAnal_2_dfa_50_1_2_logi_prop_r1",0.260869565217391,"catch22"
"57_Beef",5,"SP_Summaries_welch_rect_centroid",0.0245436926061719,"catch22"
"57_Beef",5,"FC_LocalSimple_mean3_stderr",0.155146918300898,"catch22"
"57_Beef",5,"DN_Mean",1.0946808556549e-09,"catch22"
"57_Beef",5,"DN_Spread_Std",0.999999998280639,"catch22"
"58_Beef",5,"DN_HistogramMode_5",-0.0236602997795584,"catch22"
"58_Beef",5,"DN_HistogramMode_10",0.177158110045136,"catch22"
"58_Beef",5,"CO_f1ecac",47.8583778593696,"catch22"
"58_Beef",5,"CO_FirstMin_ac",126,"catch22"
"58_Beef",5,"CO_HistogramAMI_even_2_5",1.04542871042241,"catch22"
"58_Beef",5,"CO_trev_1_num",-0.000375526351800101,"catch22"
"58_Beef",5,"MD_hrv_classic_pnn40",0.32409381663113,"catch22"
"58_Beef",5,"SB_BinaryStats_mean_longstretch1",136,"catch22"
"58_Beef",5,"SB_TransitionMatrix_3ac_sumdiagcov",0.0462962962962963,"catch22"
"58_Beef",5,"PD_PeriodicityWang_th0_01",148,"catch22"
"58_Beef",5,"CO_Embed2_Dist_tau_d_expfit_meandiff",2.34147978276277,"catch22"
"58_Beef",5,"IN_AutoMutualInfoStats_40_gaussian_fmmi",40,"catch22"
"58_Beef",5,"FC_LocalSimple_mean1_tauresrat",0.130434782608696,"catch22"
"58_Beef",5,"DN_OutlierInclude_p_001_mdrmd",0.25531914893617,"catch22"
"58_Beef",5,"DN_OutlierInclude_n_001_mdrmd",0.827659574468085,"catch22"
"58_Beef",5,"SP_Summaries_welch_rect_area_5_1",0.993203598243495,"catch22"
"58_Beef",5,"SB_BinaryStats_diff_longstretch0",49,"catch22"
"58_Beef",5,"SB_MotifThree_quantile_hh",1.31508061093261,"catch22"
"58_Beef",5,"SC_FluctAnal_2_rsrangefit_50_1_logi_prop_r1",0.195652173913043,"catch22"
"58_Beef",5,"SC_FluctAnal_2_dfa_50_1_2_logi_prop_r1",0.826086956521739,"catch22"
"58_Beef",5,"SP_Summaries_welch_rect_centroid",0.0245436926061719,"catch22"
"58_Beef",5,"FC_LocalSimple_mean3_stderr",0.130949700808187,"catch22"
"58_Beef",5,"DN_Mean",-1.99787276084531e-10,"catch22"
"58_Beef",5,"DN_Spread_Std",1.00000000087296,"catch22"
"59_Beef",5,"DN_HistogramMode_5",-0.344833840631549,"catch22"
"59_Beef",5,"DN_HistogramMode_10",-0.128267430369435,"catch22"
"59_Beef",5,"CO_f1ecac",44.002410756819,"catch22"
"59_Beef",5,"CO_FirstMin_ac",113,"catch22"
"59_Beef",5,"CO_HistogramAMI_even_2_5",1.15368455157168,"catch22"
"59_Beef",5,"CO_trev_1_num",-0.000110670218128303,"catch22"
"59_Beef",5,"MD_hrv_classic_pnn40",0.204690831556503,"catch22"
"59_Beef",5,"SB_BinaryStats_mean_longstretch1",105,"catch22"
"59_Beef",5,"SB_TransitionMatrix_3ac_sumdiagcov",0.0340136054421769,"catch22"
"59_Beef",5,"PD_PeriodicityWang_th0_01",133,"catch22"
"59_Beef",5,"CO_Embed2_Dist_tau_d_expfit_meandiff",3.89607290341042,"catch22"
"59_Beef",5,"IN_AutoMutualInfoStats_40_gaussian_fmmi",40,"catch22"
"59_Beef",5,"FC_LocalSimple_mean1_tauresrat",0.26865671641791,"catch22"
"59_Beef",5,"DN_OutlierInclude_p_001_mdrmd",0.385106382978723,"catch22"
"59_Beef",5,"DN_OutlierInclude_n_001_mdrmd",0.793617021276596,"catch22"
"59_Beef",5,"SP_Summaries_welch_rect_area_5_1",0.994712710661637,"catch22"
"59_Beef",5,"SB_BinaryStats_diff_longstretch0",38,"catch22"
"59_Beef",5,"SB_MotifThree_quantile_hh",1.28698993359386,"catch22"
"59_Beef",5,"SC_FluctAnal_2_rsrangefit_50_1_logi_prop_r1",0.41304347826087,"catch22"
"59_Beef",5,"SC_FluctAnal_2_dfa_50_1_2_logi_prop_r1",0.130434782608696,"catch22"
"59_Beef",5,"SP_Summaries_welch_rect_centroid",0.0245436926061719,"catch22"
"59_Beef",5,"FC_LocalSimple_mean3_stderr",0.0842558334994342,"catch22"
"59_Beef",5,"DN_Mean",2.14191695113247e-10,"catch22"
"59_Beef",5,"DN_Spread_Std",0.999999998789687,"catch22"
"60_Beef",5,"DN_HistogramMode_5",-0.120875530741689,"catch22"
"60_Beef",5,"DN_HistogramMode_10",0.112860363933796,"catch22"
"60_Beef",5,"CO_f1ecac",39.9090291336751,"catch22"
"60_Beef",5,"CO_FirstMin_ac",109,"catch22"
"60_Beef",5,"CO_HistogramAMI_even_2_5",1.01538448673503,"catch22"
"60_Beef",5,"CO_trev_1_num",-0.000106394528270345,"catch22"
"60_Beef",5,"MD_hrv_classic_pnn40",0.183368869936034,"catch22"
"60_Beef",5,"SB_BinaryStats_mean_longstretch1",105,"catch22"
"60_Beef",5,"SB_TransitionMatrix_3ac_sumdiagcov",0.0340136054421769,"catch22"
"60_Beef",5,"PD_PeriodicityWang_th0_01",129,"catch22"
"60_Beef",5,"CO_Embed2_Dist_tau_d_expfit_meandiff",3.94377690694543,"catch22"
"60_Beef",5,"IN_AutoMutualInfoStats_40_gaussian_fmmi",40,"catch22"
"60_Beef",5,"FC_LocalSimple_mean1_tauresrat",0.344262295081967,"catch22"
"60_Beef",5,"DN_OutlierInclude_p_001_mdrmd",0.426595744680851,"catch22"
"60_Beef",5,"DN_OutlierInclude_n_001_mdrmd",0.832978723404255,"catch22"
"60_Beef",5,"SP_Summaries_welch_rect_area_5_1",0.995227801760851,"catch22"
"60_Beef",5,"SB_BinaryStats_diff_longstretch0",42,"catch22"
"60_Beef",5,"SB_MotifThree_quantile_hh",1.27948764853652,"catch22"
"60_Beef",5,"SC_FluctAnal_2_rsrangefit_50_1_logi_prop_r1",0.41304347826087,"catch22"
"60_Beef",5,"SC_FluctAnal_2_dfa_50_1_2_logi_prop_r1",0.217391304347826,"catch22"
"60_Beef",5,"SP_Summaries_welch_rect_centroid",0.0245436926061719,"catch22"
"60_Beef",5,"FC_LocalSimple_mean3_stderr",0.0796754746071946,"catch22"
"60_Beef",5,"DN_Mean",9.09510673866552e-10,"catch22"
"60_Beef",5,"DN_Spread_Std",1.00000000138839,"catch22"
